<?xml version="1.0" standalone="no"?>
<!DOCTYPE entity PUBLIC "-//UC Berkeley//DTD MoML 1//EN"
    "http://ptolemy.eecs.berkeley.edu/xml/dtd/MoML_1.dtd">
<entity name="Q1" class="ptolemy.actor.TypedCompositeActor">
    <property name="_createdBy" class="ptolemy.kernel.attributes.VersionAttribute" value="11.0.1">
    </property>
    <property name="_windowProperties" class="ptolemy.actor.gui.WindowPropertiesAttribute" value="{bounds={0, 25, 1440, 822}, maximized=true}">
    </property>
    <property name="_vergilSize" class="ptolemy.actor.gui.SizeAttribute" value="[1206, 706]">
    </property>
    <property name="_vergilZoomFactor" class="ptolemy.data.expr.ExpertParameter" value="1.0">
    </property>
    <property name="_vergilCenter" class="ptolemy.data.expr.ExpertParameter" value="{593.0, 343.0}">
    </property>
    <property name="SDF Director" class="ptolemy.domains.sdf.kernel.SDFDirector">
        <property name="iterations" class="ptolemy.data.expr.Parameter" value="AUTO">
        </property>
        <property name="vectorizationFactor" class="ptolemy.data.expr.Parameter" value="100">
        </property>
        <property name="_location" class="ptolemy.kernel.util.Location" value="{115, 25}">
        </property>
    </property>
    <property name="Annotation" class="ptolemy.vergil.kernel.attributes.TextAttribute">
        <property name="textColor" class="ptolemy.actor.gui.ColorAttribute" value="{0.0, 0.0, 0.0, 1.0}">
        </property>
        <property name="text" class="ptolemy.kernel.util.StringAttribute" value="Rohit Krishnan&#10;20BPS1045">
        </property>
        <property name="_location" class="ptolemy.kernel.util.Location" value="{155, 95}">
        </property>
    </property>
    <entity name="StringConst" class="ptolemy.actor.lib.StringConst">
        <property name="value" class="ptolemy.data.expr.Parameter" value="Hello World">
        </property>
        <doc>Create a constant sequence with a string value.</doc>
        <property name="_icon" class="ptolemy.vergil.icon.BoxedValueIcon">
            <property name="attributeName" class="ptolemy.kernel.util.StringAttribute" value="value">
            </property>
            <property name="displayWidth" class="ptolemy.data.expr.Parameter" value="80">
            </property>
            <property name="displayHeight" class="ptolemy.data.expr.Parameter" value="10">
            </property>
        </property>
        <property name="_location" class="ptolemy.kernel.util.Location" value="{215, 170}">
        </property>
    </entity>
    <entity name="Display" class="ptolemy.actor.lib.gui.Display">
        <property name="_windowProperties" class="ptolemy.actor.gui.WindowPropertiesAttribute" value="{bounds={529, 326, 532, 232}, maximized=false}">
        </property>
        <property name="_paneSize" class="ptolemy.actor.gui.SizeAttribute" value="[532, 182]">
        </property>
        <property name="_location" class="ptolemy.kernel.util.Location" value="{470, 170}">
        </property>
    </entity>
    <relation name="relation" class="ptolemy.actor.TypedIORelation">
    </relation>
    <link port="StringConst.output" relation="relation"/>
    <link port="Display.input" relation="relation"/>
</entity>
