<?xml version="1.0" standalone="no"?>
<!DOCTYPE entity PUBLIC "-//UC Berkeley//DTD MoML 1//EN"
    "http://ptolemy.eecs.berkeley.edu/xml/dtd/MoML_1.dtd">
<entity name="Q2" class="ptolemy.actor.TypedCompositeActor">
    <property name="_createdBy" class="ptolemy.kernel.attributes.VersionAttribute" value="11.0.1">
    </property>
    <property name="SDF Director" class="ptolemy.domains.sdf.kernel.SDFDirector">
        <property name="iterations" class="ptolemy.data.expr.Parameter" value="AUTO">
        </property>
        <property name="vectorizationFactor" class="ptolemy.data.expr.Parameter" value="8">
        </property>
        <property name="_location" class="ptolemy.kernel.util.Location" value="{85, 35}">
        </property>
    </property>
    <property name="_windowProperties" class="ptolemy.actor.gui.WindowPropertiesAttribute" value="{bounds={0, 25, 1440, 822}, maximized=true}">
    </property>
    <property name="_vergilSize" class="ptolemy.actor.gui.SizeAttribute" value="[1206, 706]">
    </property>
    <property name="_vergilZoomFactor" class="ptolemy.data.expr.ExpertParameter" value="1.0">
    </property>
    <property name="_vergilCenter" class="ptolemy.data.expr.ExpertParameter" value="{593.0, 343.0}">
    </property>
    <property name="Annotation" class="ptolemy.vergil.kernel.attributes.TextAttribute">
        <property name="textColor" class="ptolemy.actor.gui.ColorAttribute" value="{0.0, 0.0, 0.0, 1.0}">
        </property>
        <property name="text" class="ptolemy.kernel.util.StringAttribute" value="Rohit Krishnan&#10;20BPS1045">
        </property>
        <property name="_location" class="ptolemy.kernel.util.Location" value="[155.0, 65.0]">
        </property>
    </property>
    <entity name="Display" class="ptolemy.actor.lib.gui.Display">
        <property name="_windowProperties" class="ptolemy.actor.gui.WindowPropertiesAttribute" value="{bounds={546, 479, 532, 232}, maximized=false}">
        </property>
        <property name="_paneSize" class="ptolemy.actor.gui.SizeAttribute" value="[532, 182]">
        </property>
        <property name="_location" class="ptolemy.kernel.util.Location" value="[685.0, 160.0]">
        </property>
    </entity>
    <entity name="Const" class="ptolemy.actor.lib.Const">
        <property name="value" class="ptolemy.data.expr.Parameter" value="2">
        </property>
        <doc>Create a constant sequence.</doc>
        <property name="_icon" class="ptolemy.vergil.icon.BoxedValueIcon">
            <property name="attributeName" class="ptolemy.kernel.util.StringAttribute" value="value">
            </property>
            <property name="displayWidth" class="ptolemy.data.expr.Parameter" value="60">
            </property>
        </property>
        <property name="_location" class="ptolemy.kernel.util.Location" value="[235.0, 150.0]">
        </property>
    </entity>
    <entity name="SampleDelay" class="ptolemy.domains.sdf.lib.SampleDelay">
        <property name="initialOutputs" class="ptolemy.data.expr.Parameter" value="{1}">
        </property>
        <property name="displayWidth" class="ptolemy.data.expr.Parameter" value="20">
        </property>
        <property name="_icon" class="ptolemy.vergil.icon.BoxedValueIcon">
            <property name="attributeName" class="ptolemy.kernel.util.StringAttribute" value="initialOutputs">
            </property>
            <property name="displayWidth" class="ptolemy.data.expr.Parameter" value="displayWidth">
            </property>
        </property>
        <property name="_location" class="ptolemy.kernel.util.Location" value="[470.0, 285.0]">
        </property>
    </entity>
    <entity name="AddSubtract" class="ptolemy.actor.lib.AddSubtract">
        <property name="_location" class="ptolemy.kernel.util.Location" value="[410.0, 165.0]">
        </property>
    </entity>
    <relation name="relation" class="ptolemy.actor.TypedIORelation">
    </relation>
    <relation name="relation2" class="ptolemy.actor.TypedIORelation">
    </relation>
    <relation name="relation4" class="ptolemy.actor.TypedIORelation">
        <property name="width" class="ptolemy.data.expr.Parameter" value="-1">
        </property>
        <vertex name="vertex1" value="[530.0, 65.0]">
        </vertex>
    </relation>
    <link port="Display.input" relation="relation4"/>
    <link port="Const.output" relation="relation"/>
    <link port="SampleDelay.input" relation="relation2"/>
    <link port="SampleDelay.output" relation="relation4"/>
    <link port="AddSubtract.plus" relation="relation"/>
    <link port="AddSubtract.plus" relation="relation4"/>
    <link port="AddSubtract.output" relation="relation2"/>
</entity>
