<?xml version="1.0" standalone="no"?>
<!DOCTYPE entity PUBLIC "-//UC Berkeley//DTD MoML 1//EN"
    "http://ptolemy.eecs.berkeley.edu/xml/dtd/MoML_1.dtd">
<entity name="Q3" class="ptolemy.actor.TypedCompositeActor">
    <property name="_createdBy" class="ptolemy.kernel.attributes.VersionAttribute" value="11.0.1">
    </property>
    <property name="_windowProperties" class="ptolemy.actor.gui.WindowPropertiesAttribute" value="{bounds={0, 25, 1440, 822}, maximized=true}">
    </property>
    <property name="_vergilSize" class="ptolemy.actor.gui.SizeAttribute" value="[1206, 706]">
    </property>
    <property name="_vergilZoomFactor" class="ptolemy.data.expr.ExpertParameter" value="1.0">
    </property>
    <property name="_vergilCenter" class="ptolemy.data.expr.ExpertParameter" value="{593.0, 343.0}">
    </property>
    <property name="SDF Director" class="ptolemy.domains.sdf.kernel.SDFDirector">
        <property name="iterations" class="ptolemy.data.expr.Parameter" value="AUTO">
        </property>
        <property name="vectorizationFactor" class="ptolemy.data.expr.Parameter" value="100">
        </property>
        <property name="_location" class="ptolemy.kernel.util.Location" value="{115, 25}">
        </property>
    </property>
    <property name="Annotation" class="ptolemy.vergil.kernel.attributes.TextAttribute">
        <property name="textColor" class="ptolemy.actor.gui.ColorAttribute" value="{0.0, 0.0, 0.0, 1.0}">
        </property>
        <property name="text" class="ptolemy.kernel.util.StringAttribute" value="Rohit Krishnan&#10;20BPS1045">
        </property>
        <property name="_location" class="ptolemy.kernel.util.Location" value="[200.0, 70.0]">
        </property>
    </property>
    <entity name="MaximumEntropySpectrum" class="ptolemy.domains.sdf.lib.MaximumEntropySpectrum">
        <property name="_location" class="ptolemy.kernel.util.Location" value="{635, 150}">
        </property>
    </entity>
    <entity name="Spectrum" class="ptolemy.domains.sdf.lib.Spectrum">
        <property name="_location" class="ptolemy.kernel.util.Location" value="[630.0, 245.0]">
        </property>
    </entity>
    <entity name="Sinewave" class="ptolemy.actor.lib.Sinewave">
        <property name="_location" class="ptolemy.kernel.util.Location" value="[365.0, 225.0]">
        </property>
    </entity>
    <entity name="SequencePlotter" class="ptolemy.actor.lib.gui.SequencePlotter">
        <property name="_windowProperties" class="ptolemy.actor.gui.WindowPropertiesAttribute" value="{bounds={340, 439, 500, 350}, maximized=false}">
        </property>
        <property name="_plotSize" class="ptolemy.actor.gui.SizeAttribute" value="[500, 300]">
        </property>
        <property name="_location" class="ptolemy.kernel.util.Location" value="[790.0, 150.0]">
        </property>
        <configure>
<?plotml <!DOCTYPE plot PUBLIC "-//UC Berkeley//DTD PlotML 1//EN"
"http://ptolemy.eecs.berkeley.edu/xml/dtd/PlotML_1.dtd">
<plot>
<title>SequencePlotter</title>
<xRange min="0.0" max="25599.0"/>
<yRange min="-38.92333879264548" max="20.016753870946395"/>
</plot>?>
        </configure>
    </entity>
    <entity name="SequencePlotter2" class="ptolemy.actor.lib.gui.SequencePlotter">
        <property name="_windowProperties" class="ptolemy.actor.gui.WindowPropertiesAttribute" value="{bounds={887, 438, 500, 350}, maximized=false}">
        </property>
        <property name="_plotSize" class="ptolemy.actor.gui.SizeAttribute" value="[500, 300]">
        </property>
        <property name="_location" class="ptolemy.kernel.util.Location" value="{790, 245}">
        </property>
        <configure>
<?plotml <!DOCTYPE plot PUBLIC "-//UC Berkeley//DTD PlotML 1//EN"
"http://ptolemy.eecs.berkeley.edu/xml/dtd/PlotML_1.dtd">
<plot>
<title>SequencePlotter2</title>
<xRange min="0.0" max="25599.0"/>
<yRange min="-72.11688646642858" max="17.995360190354464"/>
</plot>?>
        </configure>
    </entity>
    <relation name="relation" class="ptolemy.actor.TypedIORelation">
        <property name="width" class="ptolemy.data.expr.Parameter" value="-1">
        </property>
        <vertex name="vertex1" value="{480.0, 225.0}">
        </vertex>
    </relation>
    <relation name="relation2" class="ptolemy.actor.TypedIORelation">
    </relation>
    <relation name="relation3" class="ptolemy.actor.TypedIORelation">
    </relation>
    <link port="MaximumEntropySpectrum.input" relation="relation"/>
    <link port="MaximumEntropySpectrum.output" relation="relation2"/>
    <link port="Spectrum.input" relation="relation"/>
    <link port="Spectrum.output" relation="relation3"/>
    <link port="Sinewave.output" relation="relation"/>
    <link port="SequencePlotter.input" relation="relation2"/>
    <link port="SequencePlotter2.input" relation="relation3"/>
</entity>
