<?xml version="1.0" standalone="no"?>
<!DOCTYPE entity PUBLIC "-//UC Berkeley//DTD MoML 1//EN"
    "http://ptolemy.eecs.berkeley.edu/xml/dtd/MoML_1.dtd">
<entity name="FSM_MODEL" class="ptolemy.actor.TypedCompositeActor">
    <property name="_createdBy" class="ptolemy.kernel.attributes.VersionAttribute" value="11.0.1">
    </property>
    <property name="SDF Director" class="ptolemy.domains.sdf.kernel.SDFDirector">
        <property name="iterations" class="ptolemy.data.expr.Parameter" value="500">
        </property>
        <property name="_location" class="ptolemy.kernel.util.Location" value="[255.0, 175.0]">
        </property>
    </property>
    <property name="initialtemperature" class="ptolemy.data.expr.Parameter" value="20.0">
        <property name="_hideName" class="ptolemy.kernel.util.SingletonAttribute">
        </property>
        <property name="_icon" class="ptolemy.vergil.icon.ValueIcon">
            <property name="_color" class="ptolemy.actor.gui.ColorAttribute" value="{0.0, 0.0, 1.0, 1.0}">
            </property>
        </property>
        <property name="_smallIconDescription" class="ptolemy.kernel.util.SingletonConfigurableAttribute">
            <configure>
      <svg>
        <text x="20" style="font-size:14; font-family:SansSerif; fill:blue" y="20">-P-</text>
      </svg>
    </configure>
        </property>
        <property name="_editorFactory" class="ptolemy.vergil.toolbox.VisibleParameterEditorFactory">
        </property>
        <property name="_location" class="ptolemy.kernel.util.Location" value="[510.0, 105.0]">
        </property>
    </property>
    <property name="noise standard deviation" class="ptolemy.data.expr.Parameter" value="0.5">
        <property name="_hideName" class="ptolemy.kernel.util.SingletonAttribute">
        </property>
        <property name="_icon" class="ptolemy.vergil.icon.ValueIcon">
            <property name="_color" class="ptolemy.actor.gui.ColorAttribute" value="{0.0, 0.0, 1.0, 1.0}">
            </property>
        </property>
        <property name="_smallIconDescription" class="ptolemy.kernel.util.SingletonConfigurableAttribute">
            <configure>
      <svg>
        <text x="20" style="font-size:14; font-family:SansSerif; fill:blue" y="20">-P-</text>
      </svg>
    </configure>
        </property>
        <property name="_editorFactory" class="ptolemy.vergil.toolbox.VisibleParameterEditorFactory">
        </property>
        <property name="_location" class="ptolemy.kernel.util.Location" value="[510.0, 135.0]">
        </property>
    </property>
    <property name="_windowProperties" class="ptolemy.actor.gui.WindowPropertiesAttribute" value="{bounds={0, 25, 1440, 822}, maximized=true}">
    </property>
    <property name="_vergilSize" class="ptolemy.actor.gui.SizeAttribute" value="[1206, 706]">
    </property>
    <property name="_vergilZoomFactor" class="ptolemy.data.expr.ExpertParameter" value="2.1603527959075675">
    </property>
    <property name="_vergilCenter" class="ptolemy.data.expr.ExpertParameter" value="{478.806640625, 259.8328477738295}">
    </property>
    <entity name="SequencePlotter" class="ptolemy.actor.lib.gui.SequencePlotter">
        <property name="_windowProperties" class="ptolemy.actor.gui.WindowPropertiesAttribute" value="{bounds={273, 260, 527, 379}, maximized=false}">
        </property>
        <property name="_plotSize" class="ptolemy.actor.gui.SizeAttribute" value="[527, 329]">
        </property>
        <property name="_location" class="ptolemy.kernel.util.Location" value="[660.0, 250.0]">
        </property>
        <configure>
<?plotml <!DOCTYPE plot PUBLIC "-//UC Berkeley//DTD PlotML 1//EN"
"http://ptolemy.eecs.berkeley.edu/xml/dtd/PlotML_1.dtd">
<plot>
<title>SequencePlotter</title>
<xRange min="0.0" max="499.0"/>
<yRange min="0.70829547645642" max="50.4083782862257"/>
</plot>?>
        </configure>
    </entity>
    <entity name="SequencePlotter2" class="ptolemy.actor.lib.gui.SequencePlotter">
        <property name="_windowProperties" class="ptolemy.actor.gui.WindowPropertiesAttribute" value="{bounds={889, 265, 492, 380}, maximized=false}">
        </property>
        <property name="_plotSize" class="ptolemy.actor.gui.SizeAttribute" value="[492, 330]">
        </property>
        <property name="_location" class="ptolemy.kernel.util.Location" value="[675.0, 325.0]">
        </property>
        <configure>
<?plotml <!DOCTYPE plot PUBLIC "-//UC Berkeley//DTD PlotML 1//EN"
"http://ptolemy.eecs.berkeley.edu/xml/dtd/PlotML_1.dtd">
<plot>
<title>SequencePlotter2</title>
<xRange min="0.0" max="499.0"/>
<yRange min="-0.1" max="0.2"/>
</plot>?>
        </configure>
    </entity>
    <entity name="FSMActor" class="ptolemy.domains.modal.kernel.FSMActor">
        <property name="_library" class="ptolemy.moml.LibraryAttribute">
            <configure>
    <entity name="StateLibrary" class="ptolemy.kernel.CompositeEntity"><input source="ptolemy/configs/basicUtilities.xml"></input><entity name="State" class="ptolemy.domains.modal.kernel.State"><property name="_centerName" class="ptolemy.kernel.util.Attribute"></property></entity></entity>
  </configure>
        </property>
        <property name="_location" class="ptolemy.kernel.util.Location" value="{455.0, 370.0}">
        </property>
        <property name="heatonthreshold" class="ptolemy.data.expr.Parameter" value="25.0">
            <property name="_hideName" class="ptolemy.kernel.util.SingletonAttribute">
            </property>
            <property name="_icon" class="ptolemy.vergil.icon.ValueIcon">
                <property name="_color" class="ptolemy.actor.gui.ColorAttribute" value="{0.0, 0.0, 1.0, 1.0}">
                </property>
            </property>
            <property name="_smallIconDescription" class="ptolemy.kernel.util.SingletonConfigurableAttribute">
                <configure>
      <svg>
        <text x="20" style="font-size:14; font-family:SansSerif; fill:blue" y="20">-P-</text>
      </svg>
    </configure>
            </property>
            <property name="_editorFactory" class="ptolemy.vergil.toolbox.VisibleParameterEditorFactory">
            </property>
            <property name="_location" class="ptolemy.kernel.util.Location" value="[485.0, 445.0]">
            </property>
        </property>
        <property name="heatoffthreshold" class="ptolemy.data.expr.Parameter" value="28.0">
            <property name="_hideName" class="ptolemy.kernel.util.SingletonAttribute">
            </property>
            <property name="_icon" class="ptolemy.vergil.icon.ValueIcon">
                <property name="_color" class="ptolemy.actor.gui.ColorAttribute" value="{0.0, 0.0, 1.0, 1.0}">
                </property>
            </property>
            <property name="_smallIconDescription" class="ptolemy.kernel.util.SingletonConfigurableAttribute">
                <configure>
      <svg>
        <text x="20" style="font-size:14; font-family:SansSerif; fill:blue" y="20">-P-</text>
      </svg>
    </configure>
            </property>
            <property name="_editorFactory" class="ptolemy.vergil.toolbox.VisibleParameterEditorFactory">
            </property>
            <property name="_location" class="ptolemy.kernel.util.Location" value="[485.0, 465.0]">
            </property>
        </property>
        <property name="heatingrate" class="ptolemy.data.expr.Parameter" value="0.2">
            <property name="_hideName" class="ptolemy.kernel.util.SingletonAttribute">
            </property>
            <property name="_icon" class="ptolemy.vergil.icon.ValueIcon">
                <property name="_color" class="ptolemy.actor.gui.ColorAttribute" value="{0.0, 0.0, 1.0, 1.0}">
                </property>
            </property>
            <property name="_smallIconDescription" class="ptolemy.kernel.util.SingletonConfigurableAttribute">
                <configure>
      <svg>
        <text x="20" style="font-size:14; font-family:SansSerif; fill:blue" y="20">-P-</text>
      </svg>
    </configure>
            </property>
            <property name="_editorFactory" class="ptolemy.vergil.toolbox.VisibleParameterEditorFactory">
            </property>
            <property name="_location" class="ptolemy.kernel.util.Location" value="[485.0, 490.0]">
            </property>
        </property>
        <property name="coolingrate" class="ptolemy.data.expr.Parameter" value="-0.1">
            <property name="_hideName" class="ptolemy.kernel.util.SingletonAttribute">
            </property>
            <property name="_icon" class="ptolemy.vergil.icon.ValueIcon">
                <property name="_color" class="ptolemy.actor.gui.ColorAttribute" value="{0.0, 0.0, 1.0, 1.0}">
                </property>
            </property>
            <property name="_smallIconDescription" class="ptolemy.kernel.util.SingletonConfigurableAttribute">
                <configure>
      <svg>
        <text x="20" style="font-size:14; font-family:SansSerif; fill:blue" y="20">-P-</text>
      </svg>
    </configure>
            </property>
            <property name="_editorFactory" class="ptolemy.vergil.toolbox.VisibleParameterEditorFactory">
            </property>
            <property name="_location" class="ptolemy.kernel.util.Location" value="[485.0, 510.0]">
            </property>
        </property>
        <property name="REGNO" class="ptolemy.data.expr.StringParameter" value="20BPS1045">
            <property name="_hideName" class="ptolemy.kernel.util.SingletonAttribute">
            </property>
            <property name="_icon" class="ptolemy.vergil.icon.ValueIcon">
                <property name="_color" class="ptolemy.actor.gui.ColorAttribute" value="{1.0, 0.0, 0.0, 1.0}">
                </property>
            </property>
            <property name="_smallIconDescription" class="ptolemy.kernel.util.SingletonConfigurableAttribute">
                <configure>
      <svg>
        <text x="20" style="font-size:14; font-family:SansSerif; fill:red" y="20">-S-</text>
      </svg>
    </configure>
            </property>
            <property name="_editorFactory" class="ptolemy.vergil.toolbox.VisibleParameterEditorFactory">
            </property>
            <property name="_location" class="ptolemy.kernel.util.Location" value="[110.0, 280.0]">
            </property>
        </property>
        <port name="Temperature" class="ptolemy.actor.TypedIOPort">
            <property name="input"/>
            <property name="_showName" class="ptolemy.data.expr.SingletonParameter" value="true">
            </property>
            <property name="_location" class="ptolemy.kernel.util.Location" value="[115.0, 225.0]">
            </property>
        </port>
        <port name="Heat" class="ptolemy.actor.TypedIOPort">
            <property name="output"/>
            <property name="_showName" class="ptolemy.data.expr.SingletonParameter" value="true">
            </property>
            <property name="_location" class="ptolemy.kernel.util.Location" value="[550.0, 225.0]">
            </property>
        </port>
        <entity name="heating" class="ptolemy.domains.modal.kernel.State">
            <property name="isInitialState" class="ptolemy.data.expr.Parameter" value="true">
            </property>
            <property name="_location" class="ptolemy.kernel.util.Location" value="[310.0, 285.0]">
            </property>
            <property name="_hideName" class="ptolemy.data.expr.SingletonParameter" value="true">
            </property>
        </entity>
        <entity name="cooling" class="ptolemy.domains.modal.kernel.State">
            <property name="_location" class="ptolemy.kernel.util.Location" value="[305.0, 430.0]">
            </property>
            <property name="_hideName" class="ptolemy.data.expr.SingletonParameter" value="true">
            </property>
        </entity>
        <relation name="relation" class="ptolemy.domains.modal.kernel.Transition">
            <property name="guardExpression" class="ptolemy.kernel.util.StringAttribute" value="Temperature&gt;=heatoffthreshold">
            </property>
            <property name="outputActions" class="ptolemy.domains.modal.kernel.OutputActionsAttribute" value="Heat=coolingrate">
            </property>
            <property name="exitAngle" class="ptolemy.data.expr.Parameter" value="0.6283185307179586">
            </property>
            <property name="gamma" class="ptolemy.data.expr.Parameter" value="1.6023509606991375">
            </property>
        </relation>
        <relation name="relation2" class="ptolemy.domains.modal.kernel.Transition">
            <property name="guardExpression" class="ptolemy.kernel.util.StringAttribute" value="Temperature&lt;=heatonthreshold">
            </property>
            <property name="outputActions" class="ptolemy.domains.modal.kernel.OutputActionsAttribute" value="Heat=heatingrate">
            </property>
            <property name="exitAngle" class="ptolemy.data.expr.Parameter" value="0.6283185307179586">
            </property>
            <property name="gamma" class="ptolemy.data.expr.Parameter" value="-1.4784057016047718">
            </property>
        </relation>
        <relation name="relation3" class="ptolemy.domains.modal.kernel.Transition">
            <property name="guardExpression" class="ptolemy.kernel.util.StringAttribute" value="Temperature&lt;heatonthreshold">
            </property>
            <property name="outputActions" class="ptolemy.domains.modal.kernel.OutputActionsAttribute" value="Heat=heatingrate">
            </property>
            <property name="exitAngle" class="ptolemy.data.expr.Parameter" value="2.356194490192345">
            </property>
            <property name="gamma" class="ptolemy.data.expr.Parameter" value="-3.0955794733801">
            </property>
        </relation>
        <relation name="relation4" class="ptolemy.domains.modal.kernel.Transition">
            <property name="guardExpression" class="ptolemy.kernel.util.StringAttribute" value="Temperature&gt;heatoffthreshold">
            </property>
            <property name="outputActions" class="ptolemy.domains.modal.kernel.OutputActionsAttribute" value="Heat=coolingrate">
            </property>
            <property name="exitAngle" class="ptolemy.data.expr.Parameter" value="2.356194490192345">
            </property>
            <property name="gamma" class="ptolemy.data.expr.Parameter" value="0.10761868719418753">
            </property>
        </relation>
        <link port="heating.incomingPort" relation="relation2"/>
        <link port="heating.incomingPort" relation="relation3"/>
        <link port="heating.outgoingPort" relation="relation"/>
        <link port="heating.outgoingPort" relation="relation3"/>
        <link port="cooling.incomingPort" relation="relation"/>
        <link port="cooling.incomingPort" relation="relation4"/>
        <link port="cooling.outgoingPort" relation="relation2"/>
        <link port="cooling.outgoingPort" relation="relation4"/>
    </entity>
    <entity name="CompositeActor" class="ptolemy.actor.TypedCompositeActor">
        <property name="_location" class="ptolemy.kernel.util.Location" value="[330.0, 250.0]">
        </property>
        <port name="Heat" class="ptolemy.actor.TypedIOPort">
            <property name="input"/>
            <property name="_showName" class="ptolemy.data.expr.SingletonParameter" value="true">
            </property>
            <property name="_location" class="ptolemy.kernel.util.Location" value="[120.0, 245.0]">
            </property>
        </port>
        <port name="Temperature" class="ptolemy.actor.TypedIOPort">
            <property name="output"/>
            <property name="_showName" class="ptolemy.data.expr.SingletonParameter" value="true">
            </property>
            <property name="_location" class="ptolemy.kernel.util.Location" value="[540.0, 225.0]">
            </property>
        </port>
        <entity name="Accumulator" class="ptolemy.actor.lib.Accumulator">
            <property name="_location" class="ptolemy.kernel.util.Location" value="[315.0, 325.0]">
            </property>
        </entity>
        <entity name="Gaussian" class="ptolemy.actor.lib.Gaussian">
            <doc>Create a sequence of gaussian random variables</doc>
            <property name="_location" class="ptolemy.kernel.util.Location" value="[115.0, 385.0]">
            </property>
        </entity>
        <entity name="SampleDelay" class="ptolemy.domains.sdf.lib.SampleDelay">
            <property name="initialOutputs" class="ptolemy.data.expr.Parameter" value="{initialtemperature}">
            </property>
            <property name="displayWidth" class="ptolemy.data.expr.Parameter" value="20">
            </property>
            <property name="_icon" class="ptolemy.vergil.icon.BoxedValueIcon">
                <property name="attributeName" class="ptolemy.kernel.util.StringAttribute" value="initialOutputs">
                </property>
                <property name="displayWidth" class="ptolemy.data.expr.Parameter" value="displayWidth">
                </property>
            </property>
            <property name="_location" class="ptolemy.kernel.util.Location" value="[460.0, 325.0]">
            </property>
        </entity>
        <relation name="relation" class="ptolemy.actor.TypedIORelation">
        </relation>
        <relation name="relation2" class="ptolemy.actor.TypedIORelation">
        </relation>
        <relation name="relation3" class="ptolemy.actor.TypedIORelation">
        </relation>
        <relation name="relation4" class="ptolemy.actor.TypedIORelation">
        </relation>
        <link port="Heat" relation="relation4"/>
        <link port="Temperature" relation="relation3"/>
        <link port="Accumulator.input" relation="relation"/>
        <link port="Accumulator.input" relation="relation4"/>
        <link port="Accumulator.output" relation="relation2"/>
        <link port="Gaussian.output" relation="relation"/>
        <link port="SampleDelay.input" relation="relation2"/>
        <link port="SampleDelay.output" relation="relation3"/>
    </entity>
    <relation name="relation2" class="ptolemy.actor.TypedIORelation">
        <property name="width" class="ptolemy.data.expr.Parameter" value="-1">
        </property>
        <vertex name="vertex1" value="{485.0, 250.0}">
        </vertex>
    </relation>
    <relation name="relation3" class="ptolemy.actor.TypedIORelation">
        <property name="width" class="ptolemy.data.expr.Parameter" value="-1">
        </property>
        <vertex name="vertex1" value="{390.0, 325.0}">
        </vertex>
    </relation>
    <link port="SequencePlotter.input" relation="relation2"/>
    <link port="SequencePlotter2.input" relation="relation3"/>
    <link port="FSMActor.Temperature" relation="relation2"/>
    <link port="FSMActor.Heat" relation="relation3"/>
    <link port="CompositeActor.Heat" relation="relation3"/>
    <link port="CompositeActor.Temperature" relation="relation2"/>
</entity>
