<?xml version="1.0" standalone="no"?>
<!DOCTYPE entity PUBLIC "-//UC Berkeley//DTD MoML 1//EN"
    "http://ptolemy.eecs.berkeley.edu/xml/dtd/MoML_1.dtd">
<entity name="SDF_DIRECTOR" class="ptolemy.actor.TypedCompositeActor">
    <property name="_createdBy" class="ptolemy.kernel.attributes.VersionAttribute" value="11.0.1">
    </property>
    <property name="REGNO" class="ptolemy.data.expr.StringParameter" value="20BPS1045">
        <property name="_hideName" class="ptolemy.kernel.util.SingletonAttribute">
        </property>
        <property name="_icon" class="ptolemy.vergil.icon.ValueIcon">
            <property name="_color" class="ptolemy.actor.gui.ColorAttribute" value="{1.0, 0.0, 0.0, 1.0}">
            </property>
        </property>
        <property name="_smallIconDescription" class="ptolemy.kernel.util.SingletonConfigurableAttribute">
            <configure>
      <svg>
        <text x="20" style="font-size:14; font-family:SansSerif; fill:red" y="20">-S-</text>
      </svg>
    </configure>
        </property>
        <property name="_editorFactory" class="ptolemy.vergil.toolbox.VisibleParameterEditorFactory">
        </property>
        <property name="_location" class="ptolemy.kernel.util.Location" value="{1040.0, 245.0}">
        </property>
    </property>
    <property name="SDF Director" class="ptolemy.domains.sdf.kernel.SDFDirector">
        <property name="iterations" class="ptolemy.data.expr.Parameter" value="10">
        </property>
        <property name="_location" class="ptolemy.kernel.util.Location" value="[1085.0, 195.0]">
        </property>
    </property>
    <property name="_windowProperties" class="ptolemy.actor.gui.WindowPropertiesAttribute" value="{bounds={0, 25, 1440, 799}, maximized=false}">
    </property>
    <property name="_vergilSize" class="ptolemy.actor.gui.SizeAttribute" value="[1206, 683]">
    </property>
    <property name="_vergilZoomFactor" class="ptolemy.data.expr.ExpertParameter" value="1.5093333333333334">
    </property>
    <property name="_vergilCenter" class="ptolemy.data.expr.ExpertParameter" value="{1371.2023255813951, 323.5084847383721}">
    </property>
    <entity name="InteractiveShell" class="ptolemy.actor.lib.gui.InteractiveShell">
        <property name="_windowProperties" class="ptolemy.actor.gui.WindowPropertiesAttribute" value="{bounds={847, 364, 476, 505}, maximized=false}">
        </property>
        <doc>Produce strings from an interactive shell on the screen</doc>
        <property name="_location" class="ptolemy.kernel.util.Location" value="{1328.0, 251.0}">
        </property>
    </entity>
    <entity name="InteractiveShell2" class="ptolemy.actor.lib.gui.InteractiveShell">
        <property name="_windowProperties" class="ptolemy.actor.gui.WindowPropertiesAttribute" value="{bounds={374, 364, 488, 505}, maximized=false}">
        </property>
        <doc>Produce strings from an interactive shell on the screen</doc>
        <property name="_location" class="ptolemy.kernel.util.Location" value="{1323.0, 401.0}">
        </property>
    </entity>
    <entity name="SampleDelay" class="ptolemy.domains.sdf.lib.SampleDelay">
        <property name="initialOutputs" class="ptolemy.data.expr.Parameter" value="{&quot;Are you fine?&quot;}">
        </property>
        <property name="displayWidth" class="ptolemy.data.expr.Parameter" value="20">
        </property>
        <property name="_icon" class="ptolemy.vergil.icon.BoxedValueIcon">
            <property name="attributeName" class="ptolemy.kernel.util.StringAttribute" value="initialOutputs">
            </property>
            <property name="displayWidth" class="ptolemy.data.expr.Parameter" value="displayWidth">
            </property>
        </property>
        <property name="_location" class="ptolemy.kernel.util.Location" value="{1073.0, 406.0}">
        </property>
    </entity>
    <entity name="Expression" class="ptolemy.actor.lib.Expression">
        <property name="expression" class="ptolemy.kernel.util.StringAttribute" value="first == &quot;yes&quot; &amp;&amp; second == &quot;yes&quot; ?&#10;  &quot;Let's go then&quot;&#10;: &quot;Someone is not fine. Try Again&quot;">
            <property name="style" class="ptolemy.actor.gui.style.TextStyle">
                <property name="height" class="ptolemy.data.expr.Parameter" value="10">
                </property>
                <property name="width" class="ptolemy.data.expr.Parameter" value="30">
                </property>
            </property>
        </property>
        <property name="_icon" class="ptolemy.vergil.icon.BoxedValueIcon">
            <property name="attributeName" class="ptolemy.kernel.util.StringAttribute" value="expression">
            </property>
            <property name="displayWidth" class="ptolemy.data.expr.Parameter" value="60">
            </property>
            <property name="displayHeight" class="ptolemy.data.expr.Parameter" value="10">
            </property>
        </property>
        <property name="_location" class="ptolemy.kernel.util.Location" value="{1608.0, 321.0}">
        </property>
        <port name="first" class="ptolemy.actor.TypedIOPort">
            <property name="input"/>
            <property name="_showName" class="ptolemy.data.expr.SingletonParameter" value="true">
            </property>
        </port>
        <port name="second" class="ptolemy.actor.TypedIOPort">
            <property name="input"/>
            <property name="_showName" class="ptolemy.data.expr.SingletonParameter" value="true">
            </property>
        </port>
    </entity>
    <relation name="relation" class="ptolemy.actor.TypedIORelation">
        <property name="color" class="ptolemy.actor.gui.ColorAttribute">
        </property>
    </relation>
    <relation name="relation2" class="ptolemy.actor.TypedIORelation">
        <property name="color" class="ptolemy.actor.gui.ColorAttribute">
        </property>
    </relation>
    <relation name="relation3" class="ptolemy.actor.TypedIORelation">
        <property name="width" class="ptolemy.data.expr.Parameter" value="-1">
        </property>
        <vertex name="vertex1" value="{1198.0, 321.0}">
        </vertex>
    </relation>
    <relation name="relation4" class="ptolemy.actor.TypedIORelation">
    </relation>
    <link port="InteractiveShell.input" relation="relation3"/>
    <link port="InteractiveShell.output" relation="relation"/>
    <link port="InteractiveShell2.input" relation="relation3"/>
    <link port="InteractiveShell2.output" relation="relation2"/>
    <link port="SampleDelay.input" relation="relation4"/>
    <link port="SampleDelay.output" relation="relation3"/>
    <link port="Expression.output" relation="relation4"/>
    <link port="Expression.first" relation="relation"/>
    <link port="Expression.second" relation="relation2"/>
</entity>
