<?xml version="1.0" standalone="no"?>
<!DOCTYPE entity PUBLIC "-//UC Berkeley//DTD MoML 1//EN"
    "http://ptolemy.eecs.berkeley.edu/xml/dtd/MoML_1.dtd">
<entity name="20BPS1045_AprilTags" class="ptolemy.actor.TypedCompositeActor">
    <property name="_createdBy" class="ptolemy.kernel.attributes.VersionAttribute" value="11.0.1">
    </property>
    <property name="DE Director" class="ptolemy.domains.de.kernel.DEDirector">
        <property name="stopWhenQueueIsEmpty" class="ptolemy.data.expr.Parameter" value="false">
        </property>
        <property name="synchronizeToRealTime" class="ptolemy.data.expr.Parameter" value="true">
        </property>
        <property name="_location" class="ptolemy.kernel.util.Location" value="[425.0, 235.0]">
        </property>
    </property>
    <property name="_windowProperties" class="ptolemy.actor.gui.WindowPropertiesAttribute" value="{bounds={0, 25, 1440, 822}, maximized=true}">
    </property>
    <property name="_vergilSize" class="ptolemy.actor.gui.SizeAttribute" value="[1206, 706]">
    </property>
    <property name="_vergilZoomFactor" class="ptolemy.data.expr.ExpertParameter" value="1.9727376205067164">
    </property>
    <property name="_vergilCenter" class="ptolemy.data.expr.ExpertParameter" value="{552.218769355924, 311.044106170693}">
    </property>
    <property name="Annotation" class="ptolemy.vergil.kernel.attributes.TextAttribute">
        <property name="textColor" class="ptolemy.actor.gui.ColorAttribute" value="{0.0, 0.0, 0.0, 1.0}">
        </property>
        <property name="text" class="ptolemy.kernel.util.StringAttribute" value="Rohit Krishnan&#10;20BPS1045">
        </property>
        <property name="_location" class="ptolemy.kernel.util.Location" value="{540.0, 165.0}">
        </property>
    </property>
    <entity name="Camera" class="org.terraswarm.accessor.JSAccessor">
        <property name="_windowProperties" class="ptolemy.actor.gui.WindowPropertiesAttribute">
        </property>
        <property name="_paneSize" class="ptolemy.actor.gui.SizeAttribute">
        </property>
        <property name="script" class="ptolemy.actor.parameters.PortParameter" value="// Copyright (c) 2015-2017 The Regents of the University of California.&#10;// All rights reserved.&#10;//&#10;// Permission is hereby granted, without written agreement and without&#10;// license or royalty fees, to use, copy, modify, and distribute this&#10;// software and its documentation for any purpose, provided that the above&#10;// copyright notice and the following two paragraphs appear in all copies&#10;// of this software.&#10;//&#10;// IN NO EVENT SHALL THE UNIVERSITY OF CALIFORNIA BE LIABLE TO ANY PARTY&#10;// FOR DIRECT, INDIRECT, SPECIAL, INCIDENTAL, OR CONSEQUENTIAL DAMAGES&#10;// ARISING OUT OF THE USE OF THIS SOFTWARE AND ITS DOCUMENTATION, EVEN IF&#10;// THE UNIVERSITY OF CALIFORNIA HAS BEEN ADVISED OF THE POSSIBILITY OF&#10;// SUCH DAMAGE.&#10;//&#10;// THE UNIVERSITY OF CALIFORNIA SPECIFICALLY DISCLAIMS ANY WARRANTIES,&#10;// INCLUDING, BUT NOT LIMITED TO, THE IMPLIED WARRANTIES OF&#10;// MERCHANTABILITY AND FITNESS FOR A PARTICULAR PURPOSE. THE SOFTWARE&#10;// PROVIDED HEREUNDER IS ON AN &quot;AS IS&quot; BASIS, AND THE UNIVERSITY OF&#10;// CALIFORNIA HAS NO OBLIGATION TO PROVIDE MAINTENANCE, SUPPORT, UPDATES,&#10;// ENHANCEMENTS, OR MODIFICATIONS.&#10;//&#10;&#10;/** An accessor for a camera on the local host. This can be a built-in camera or&#10; *  a USB-connected camera. This accessor has two modes of operation, &quot;triggered&quot;&#10; *  and &quot;open loop.&quot; In triggered mode, it captures an image whenever a trigger&#10; *  input is received and produces that image on its output. In open-loop mode,&#10; *  it captures every image produced by the camera, at the speed of the camera,&#10; *  and produces on the output a stream of such images. It limits the number of&#10; *  outputs to maxFrameRate images per second, even if the camera produces more&#10; *  images than that. You can use the maxFrameRate parameter to avoid overwhelming&#10; *  your application.&#10; *&#10; *  @accessor cameras/Camera&#10; *  @author Edward A. Lee (eal@eecs.berkeley.edu)&#10; *  @input trigger A trigger input for triggered mode.&#10; *   The value is ignored and can be anything.&#10; *  @output {Object} image A stream of captured images.&#10; *  @parameter {boolean} triggered If true, use triggered mode.&#10; *   Otherwise, use open-loop mode. This is a boolean that defaults to false.&#10; *  @parameter {number} maxFrameRate If not triggered, this limits the output&#10; *   to the specified number of frames per second. This is a number that defaults to 25.&#10; *  @parameter {string} camera The name of the camera to use.&#10; *   A list of available cameras is presented as options.&#10; *   This is a string that defaults to &quot;default camera&quot;,&#10; *   which uses the system default, if there is one.&#10; *  @parameter {{width: number, height: number}} viewSize The view size&#10; *   to use for capture, in pixels. A list of available view sizes for&#10; *   the selected camara is presented as options. This is a JSON specification&#10; *   with a &quot;width&quot; and &quot;height&quot; field, as in for example {&quot;width&quot;:640, &quot;height&quot;:480}.&#10; *  @version $$Id$$&#10; */&#10;&#10;// Stop extra messages from jslint and jshint.  Note that there should be no&#10;// space between the / and the * and global. See https://chess.eecs.berkeley.edu/ptexternal/wiki/Main/JSHint */&#10;/*global addInputHandler, error, exports, getParameter, input, output, parameter, removeInputHandler, require, send */&#10;/*jshint globalstrict: true*/&#10;&quot;use strict&quot;;&#10;&#10;var cameras = require(&quot;@accessors-modules/cameras&quot;);&#10;var camera;&#10;var handle = null;&#10;&#10;/** Create the inputs, outputs, and parameters, and update the parameters for the selected camera. */&#10;exports.setup = function () {&#10;    this.input('trigger');&#10;    this.output('image');&#10;    this.parameter('triggered', {&#10;        'type': 'boolean',&#10;        'value': false&#10;    });&#10;    this.parameter('maxFrameRate', {&#10;        'type': 'number',&#10;        'value': 25&#10;    });&#10;    // NOTE: The following assumes that setup() is reinvoked whenever a parameter&#10;    // value changes, since the camera will change and so will the available options.&#10;    this.parameter('camera', {&#10;        'type': 'string',&#10;        'value': 'default camera'&#10;    });&#10;    this.parameter('viewSize', {&#10;        'type': 'JSON'&#10;    });&#10;    // This is in a try-catch so that this accessor can be instantiated even if the&#10;    // host does not provide a cameras module.&#10;    try {&#10;        this.parameter('camera', {&#10;            'options': cameras.cameras()&#10;        });&#10;        camera = new cameras.Camera(this.getParameter('camera'));&#10;        this.parameter('viewSize', {&#10;            'value': camera.getViewSize(),&#10;            'options': camera.viewSizes()&#10;        });&#10;    } catch (err) {&#10;        error(err);&#10;    }&#10;};&#10;&#10;/** Set the view size of the camera, open it, and depending on the triggered mode, either&#10; *  set up an input handler for the trigger input or set up a handler for the 'image'&#10; *  event notification from the camera.&#10; */&#10;exports.initialize = function () {&#10;    camera.setViewSize(this.getParameter('viewSize'));&#10;    camera.open();&#10;    var self = this;&#10;    if (this.getParameter('triggered')) {&#10;        // Request a snapshot.  Note the video stream might not be playing.&#10;        // An event will be generated when a snapshot is available.&#10;        camera.on('snapshot', function (image) {&#10;            self.send('image', image);&#10;        });&#10;&#10;        handle = this.addInputHandler('trigger', function () {&#10;            camera.snapshot();&#10;        });&#10;    } else {&#10;        var maxFrameRate = self.getParameter('maxFrameRate');&#10;        var frameInterval = 1000.0/maxFrameRate; // In ms.&#10;        var lastFrameTime = 0;&#10;        camera.on('image', function (image) {&#10;            var currentTime = Date.now();&#10;            if (currentTime - lastFrameTime &gt;= frameInterval) {&#10;                self.send('image', image);&#10;                lastFrameTime = currentTime;&#10;            }&#10;        });&#10;    }&#10;};&#10;&#10;/** Remove handlers and close the camera. */&#10;exports.wrapup = function () {&#10;    camera.removeAllListeners('image');&#10;    if (handle !== null) {&#10;        this.removeInputHandler(handle);&#10;    }&#10;    camera.close();&#10;};&#10;">
            <property name="style" class="ptolemy.actor.gui.style.NoteStyle">
                <property name="note" class="ptolemy.kernel.util.StringAttribute" value="NOTE: To see the script, invoke Open Actor">
                </property>
            </property>
        </property>
        <property name="accessorSource" class="org.terraswarm.accessor.JSAccessor$ActionableAttribute" value="https://accessors.org/cameras/Camera.js">
        </property>
        <property name="documentation" class="ptolemy.vergil.basic.DocAttribute">
            <property name="description" class="ptolemy.kernel.util.StringAttribute" value="&lt;p&gt;An accessor for a camera on the local host. This can be a built-in camera or&#10; a USB-connected camera. This accessor has two modes of operation, &amp;quot;triggered&amp;quot;&#10; and &amp;quot;open loop.&amp;quot; In triggered mode, it captures an image whenever a trigger&#10; input is received and produces that image on its output. In open-loop mode,&#10; it captures every image produced by the camera, at the speed of the camera,&#10; and produces on the output a stream of such images. It limits the number of&#10; outputs to maxFrameRate images per second, even if the camera produces more&#10; images than that. You can use the maxFrameRate parameter to avoid overwhelming&#10; your application.&lt;/p&gt;">
            </property>
            <property name="author" class="ptolemy.kernel.util.StringAttribute" value="Edward A. Lee (eal@eecs.berkeley.edu)">
            </property>
            <property name="version" class="ptolemy.kernel.util.StringAttribute" value="$$Id$$">
            </property>
            <property name="trigger (port)" class="ptolemy.kernel.util.StringAttribute" value="A trigger input for triggered mode.&#10;  The value is ignored and can be anything.">
            </property>
            <property name="image (port)" class="ptolemy.kernel.util.StringAttribute" value="A stream of captured images.">
            </property>
            <property name="triggered (parameter)" class="ptolemy.kernel.util.StringAttribute" value="If true, use triggered mode.&#10;  Otherwise, use open-loop mode. This is a boolean that defaults to false.">
            </property>
            <property name="maxFrameRate (parameter)" class="ptolemy.kernel.util.StringAttribute" value="If not triggered, this limits the output&#10;  to the specified number of frames per second. This is a number that defaults to 25.">
            </property>
            <property name="camera (parameter)" class="ptolemy.kernel.util.StringAttribute" value="The name of the camera to use.&#10;  A list of available cameras is presented as options.&#10;  This is a string that defaults to &quot;default camera&quot;,&#10;  which uses the system default, if there is one.">
            </property>
            <property name="viewSize (parameter)" class="ptolemy.kernel.util.StringAttribute" value="The view size&#10;  to use for capture, in pixels. A list of available view sizes for&#10;  the selected camara is presented as options. This is a JSON specification&#10;  with a &quot;width&quot; and &quot;height&quot; field, as in for example {&quot;width&quot;:640, &quot;height&quot;:480}.">
            </property>
        </property>
        <property name="_tableauFactory" class="ptolemy.vergil.toolbox.TextEditorTableauFactory">
            <property name="attributeName" class="ptolemy.kernel.util.StringAttribute" value="script">
            </property>
            <property name="syntaxStyle" class="ptolemy.kernel.util.StringAttribute" value="text/javascript">
            </property>
        </property>
        <property name="camera" class="ptolemy.data.expr.Parameter" value="default camera">
            <property name="_stringMode" class="ptolemy.kernel.util.SingletonAttribute">
            </property>
        </property>
        <property name="viewSize" class="ptolemy.data.expr.Parameter" value="{&quot;width&quot;:640, &quot;height&quot;:480}">
            <property name="_stringMode" class="ptolemy.kernel.util.SingletonAttribute">
            </property>
            <property name="_JSON" class="ptolemy.kernel.util.SingletonAttribute">
            </property>
        </property>
        <property name="_location" class="ptolemy.kernel.util.Location" value="[390.0, 345.0]">
        </property>
        <port name="trigger" class="ptolemy.actor.TypedIOPort">
            <property name="input"/>
        </port>
        <port name="image" class="ptolemy.actor.TypedIOPort">
            <property name="output"/>
        </port>
    </entity>
    <entity name="AprilTags" class="org.terraswarm.accessor.JSAccessor">
        <property name="_windowProperties" class="ptolemy.actor.gui.WindowPropertiesAttribute">
        </property>
        <property name="_paneSize" class="ptolemy.actor.gui.SizeAttribute">
        </property>
        <property name="script" class="ptolemy.actor.parameters.PortParameter" value="// Copyright (c) 2015-2016 The Regents of the University of California.&#10;// All rights reserved.&#10;//&#10;// Permission is hereby granted, without written agreement and without&#10;// license or royalty fees, to use, copy, modify, and distribute this&#10;// software and its documentation for any purpose, provided that the above&#10;// copyright notice and the following two paragraphs appear in all copies&#10;// of this software.&#10;//&#10;// IN NO EVENT SHALL THE UNIVERSITY OF CALIFORNIA BE LIABLE TO ANY PARTY&#10;// FOR DIRECT, INDIRECT, SPECIAL, INCIDENTAL, OR CONSEQUENTIAL DAMAGES&#10;// ARISING OUT OF THE USE OF THIS SOFTWARE AND ITS DOCUMENTATION, EVEN IF&#10;// THE UNIVERSITY OF CALIFORNIA HAS BEEN ADVISED OF THE POSSIBILITY OF&#10;// SUCH DAMAGE.&#10;//&#10;// THE UNIVERSITY OF CALIFORNIA SPECIFICALLY DISCLAIMS ANY WARRANTIES,&#10;// INCLUDING, BUT NOT LIMITED TO, THE IMPLIED WARRANTIES OF&#10;// MERCHANTABILITY AND FITNESS FOR A PARTICULAR PURPOSE. THE SOFTWARE&#10;// PROVIDED HEREUNDER IS ON AN &quot;AS IS&quot; BASIS, AND THE UNIVERSITY OF&#10;// CALIFORNIA HAS NO OBLIGATION TO PROVIDE MAINTENANCE, SUPPORT, UPDATES,&#10;// ENHANCEMENTS, OR MODIFICATIONS.&#10;//&#10;&#10;/**&#10; * Accessor to detect AprilTags in an image or stream of images.&#10; * An AprilTag is a pattern of dark and light squares similar to a QR code but easier for&#10; * cameras to detect robustly and at a distance.&#10; * AprilTags were created by Associate Professor Edwin Olson (ebolson@umich.edu),&#10; * EECS, University of Michigan. See [https://april.eecs.umich.edu/](https://april.eecs.umich.edu/#in_browser).&#10; * &#10; * The implementation of this accessor on the Ptolemy II/Nashorn accessor host&#10; * uses an older Java implementation of the AprilTags detector written by Edwin Olson&#10; * and more recently supplanted by a C version that performs much better. But this Java&#10; * version is more easily included in Ptolemy II in a portable way. If you need better&#10; * performance, consider replacing this with the C implementation and using JNI to interface&#10; * to Ptolemy II.&#10; * &#10; * https://april.eecs.umich.edu/software/apriltag.html contains a set of&#10; * pregenerated tags as png and PostScript files.  However, these are of&#10; * low resolution.  To scale them, use linear interpolation to avoid blurring.&#10; * For example, with ImageMagik, use:&#10; *&#10; *  mogrify -scale 1000x1000 *.png; convert *.png tag36h11.pdf&#10; *&#10; * Or, search the web for &quot;tag 36H11&quot;.  &#10; *&#10; * In the Ptolemy tree, a sample file may be found at&#10; * $PTII/ptolemy/actor/lib/jjs/modules/aprilTags//demo/AprilTags/tag36_11_00586.pdf&#10; *&#10; * The input to this accessor is an image or a stream of images, e.g. from the Camera&#10; * accessor.  There are two outputs. The one named _output_ is a modified version&#10; * of the input image that outlines any detected AprilTags in the image&#10; * and indicates their center and ID.  The _tags_ output is an array of&#10; * objects representing the detected tags. Each object includes the following fields:&#10; * &#10; * + _id_: The ID of the detected tag.&#10; * + _center_: An array with two doubles giving the center of the tag in pixel coordinates.&#10; * + _perimeter_: An array with four arrays, each of which gives the x and y coordinates of&#10; *   a corner of the AprilTag.&#10; * &#10; * The AprilTags detector has a large number of parameters that can be tuned via&#10; * the _options_ input. To set an option, provide a JSON object with a field matching&#10; * the option name.  The options are described below using descriptions provided by&#10; * by Edwin Olson in his Java implementation of an AprilTag detector:&#10; * &#10; * + _MagThresh_: When growing components, the intra component variation is&#10; *   allowed to grow when the component is small in size. This&#10; *   threshold affects how much. The default is 1200.&#10; * + _MaxEdgeCost_: Set the maximum angle range allowed for the gradient directions&#10; *   when connecting edges, in radians. This defaults to the radian&#10; *   equivalent of 30 degrees.&#10; * + _MinMag_: Set the gradient magnitude threshold for ignoring pixels.&#10; *   Do not consider pixels whose gradient magnitude is less than&#10; *   minMag. Small values make the detector more sensitive, but also&#10; *   force us to consider many more edges resulting in slower&#10; *   computation time. A value of 0.001 is very sensitive. A value&#10; *   of 0.01 is quite fast. The default is 0.004.&#10; * + _SegDecimate_: Set whether decimating before segmenting is enabled.&#10; *   Instead of blurring the input image before segmentation, we&#10; *   can achieve similar effects by decimating the image by a factor&#10; *   of two. When enabled, this option applies a block LPF filter of&#10; *   width 2, then decimates the image. With this option, not only&#10; *   can we safely set segSigma = 0, but the slowest part of the&#10; *   algorithm (the segmentation) runs about 4 times faster. The&#10; *   downside is that the position of the targets is determined&#10; *   based on the segmentation: lower resolution will result in more&#10; *   localization error. However, the effect on quality is quite&#10; *   modest, and this optimization is generally recommended (along&#10; *   with segSigma = 0). If segSigma is non-zero, the filtering by&#10; *   segSigma occurs first, followed by the block LPF, and the&#10; *   decimation. This defaults to false, indicating that the option&#10; *   is not enabled.&#10; * + _SegSigma_: Set the Gaussian smoothing kernel applied to image (0 == no filter)&#10; *   used when detecting the outline of the box. It is almost always&#10; *   useful to have some filtering, since the loss of small details&#10; *   won't hurt. Recommended value = 0.8 (the default). The case where sigma ==&#10; *   segsigma has been optimized to avoid a redundant filter&#10; *   operation.&#10; * + _Sigma_: Set the Gaussian smoothing kernel applied to image (0 == no filter, the default)&#10; *   used when sampling bits. Filtering is a good idea in cases&#10; *   where A) a cheap camera is introducing artifical sharpening, B)&#10; *   the bayer pattern is creating artifcats, C) the sensor is very&#10; *   noisy and/or has hot/cold pixels. However, filtering makes it&#10; *   harder to decode very small tags. Reasonable values are 0, or&#10; *   [0.8, 1.5].&#10; * + _TagFamily_: Set the name of the tag family being detected.&#10; *   This defaults to &quot;Tag36h11&quot;.&#10; *   The supported families are &quot;Tag16h5&quot;, &quot;Tag25h7&quot;, &quot;Tag25h9&quot;, &quot;Tag36h10&quot;, and &quot;Tag36h11&quot;.&#10; *   The default family seems least susceptible to false positives.&#10; * + _ThetaThresh_: When growing components, the intra component variation is&#10; *   allowed to grow when the component is small in size. This&#10; *   threshold affects how much. The default is 100.&#10; * &#10; *   @accessor image/AprilTags&#10; *   @author Edward A. Lee (eal@eecs.berkeley.edu)&#10; *   @input input An input image.&#10; *   @output output An output image, with detected AprilTags outlined in green and identified.&#10; *   @output tags An array of objects, one object for each tag detected in the image.&#10; *   @parameter options The options for the detector. This is a JSON object with fields defined above.&#10; *   It defaults to an empty object, meaning to use default values for all the otpions.&#10; *   @version $$Id$$&#10; */&#10;&#10;// Stop extra messages from jslint.  Note that there should be no&#10;// space between the / and the * and global.&#10;/*globals addInputHandler, exports, get, input, output, removeInputHandler, require, send,  */&#10;/*jshint globalstrict: true */&#10;&quot;use strict&quot;;&#10;&#10;var aprilTags = require('aprilTags');&#10;&#10;exports.setup = function () {&#10;    this.input('input');&#10;    this.output('output');&#10;    this.output('tags');&#10;    this.input('options', {&#10;        'type': 'JSON',&#10;        'value': ''&#10;    });&#10;};&#10;&#10;var handle;&#10;exports.initialize = function () {&#10;    var self = this;&#10;    handle = self.addInputHandler('input', function () {&#10;        var options = self.get('options');&#10;        var image = self.get('input');&#10;        var result = aprilTags.filter(image, options);&#10;        self.send('output', result);&#10;        var tags = aprilTags.tags();&#10;        if (tags) {&#10;            self.send('tags', tags);&#10;        }&#10;    });&#10;};&#10;&#10;exports.wrapup = function () {&#10;    if (handle) {&#10;        this.removeInputHandler(handle);&#10;    }&#10;};&#10;">
            <property name="style" class="ptolemy.actor.gui.style.NoteStyle">
                <property name="note" class="ptolemy.kernel.util.StringAttribute" value="NOTE: To see the script, invoke Open Actor">
                </property>
            </property>
        </property>
        <property name="accessorSource" class="org.terraswarm.accessor.JSAccessor$ActionableAttribute" value="https://accessors.org/image/AprilTags.js">
        </property>
        <property name="documentation" class="ptolemy.vergil.basic.DocAttribute">
            <property name="description" class="ptolemy.kernel.util.StringAttribute" value="&lt;p&gt;Accessor to detect AprilTags in an image or stream of images.&#10;An AprilTag is a pattern of dark and light squares similar to a QR code but easier for&#10;cameras to detect robustly and at a distance.&#10;AprilTags were created by Associate Professor Edwin Olson (&lt;a href=&quot;mailto:ebolson@umich.edu&quot;&gt;ebolson@umich.edu&lt;/a&gt;),&#10;EECS, University of Michigan. See &lt;a href=&quot;https://april.eecs.umich.edu/#in_browser&quot;&gt;https://april.eecs.umich.edu/&lt;/a&gt;.&lt;/p&gt;&#10;&lt;p&gt;The implementation of this accessor on the Ptolemy II/Nashorn accessor host&#10;uses an older Java implementation of the AprilTags detector written by Edwin Olson&#10;and more recently supplanted by a C version that performs much better. But this Java&#10;version is more easily included in Ptolemy II in a portable way. If you need better&#10;performance, consider replacing this with the C implementation and using JNI to interface&#10;to Ptolemy II.&lt;/p&gt;&#10;&lt;p&gt;https://april.eecs.umich.edu/software/apriltag.html contains a set of&#10;pregenerated tags as png and PostScript files.  However, these are of&#10;low resolution.  To scale them, use linear interpolation to avoid blurring.&#10;For example, with ImageMagik, use:&lt;/p&gt;&#10;&lt;p&gt; mogrify -scale 1000x1000 &lt;em&gt;.png; convert &lt;/em&gt;.png tag36h11.pdf&lt;/p&gt;&#10;&lt;p&gt;Or, search the web for &amp;quot;tag 36H11&amp;quot;.  &lt;/p&gt;&#10;&lt;p&gt;In the Ptolemy tree, a sample file may be found at&#10;$PTII/ptolemy/actor/lib/jjs/modules/aprilTags//demo/AprilTags/tag36_11_00586.pdf&lt;/p&gt;&#10;&lt;p&gt;The input to this accessor is an image or a stream of images, e.g. from the Camera&#10;accessor.  There are two outputs. The one named &lt;em&gt;output&lt;/em&gt; is a modified version&#10;of the input image that outlines any detected AprilTags in the image&#10;and indicates their center and ID.  The &lt;em&gt;tags&lt;/em&gt; output is an array of&#10;objects representing the detected tags. Each object includes the following fields:&lt;/p&gt;&#10;&lt;ul&gt;&#10;&lt;li&gt;_id_: The ID of the detected tag.&lt;/li&gt;&#10;&lt;li&gt;&lt;em&gt;center&lt;/em&gt;: An array with two doubles giving the center of the tag in pixel coordinates.&lt;/li&gt;&#10;&lt;li&gt;&lt;em&gt;perimeter&lt;/em&gt;: An array with four arrays, each of which gives the x and y coordinates of&#10;a corner of the AprilTag.&lt;/li&gt;&#10;&lt;/ul&gt;&#10;&lt;p&gt;The AprilTags detector has a large number of parameters that can be tuned via&#10;the &lt;em&gt;options&lt;/em&gt; input. To set an option, provide a JSON object with a field matching&#10;the option name.  The options are described below using descriptions provided by&#10;by Edwin Olson in his Java implementation of an AprilTag detector:&lt;/p&gt;&#10;&lt;ul&gt;&#10;&lt;li&gt;&lt;em&gt;MagThresh&lt;/em&gt;: When growing components, the intra component variation is&#10;allowed to grow when the component is small in size. This&#10;threshold affects how much. The default is 1200.&lt;/li&gt;&#10;&lt;li&gt;&lt;em&gt;MaxEdgeCost&lt;/em&gt;: Set the maximum angle range allowed for the gradient directions&#10;when connecting edges, in radians. This defaults to the radian&#10;equivalent of 30 degrees.&lt;/li&gt;&#10;&lt;li&gt;&lt;em&gt;MinMag&lt;/em&gt;: Set the gradient magnitude threshold for ignoring pixels.&#10;Do not consider pixels whose gradient magnitude is less than&#10;minMag. Small values make the detector more sensitive, but also&#10;force us to consider many more edges resulting in slower&#10;computation time. A value of 0.001 is very sensitive. A value&#10;of 0.01 is quite fast. The default is 0.004.&lt;/li&gt;&#10;&lt;li&gt;&lt;em&gt;SegDecimate&lt;/em&gt;: Set whether decimating before segmenting is enabled.&#10;Instead of blurring the input image before segmentation, we&#10;can achieve similar effects by decimating the image by a factor&#10;of two. When enabled, this option applies a block LPF filter of&#10;width 2, then decimates the image. With this option, not only&#10;can we safely set segSigma = 0, but the slowest part of the&#10;algorithm (the segmentation) runs about 4 times faster. The&#10;downside is that the position of the targets is determined&#10;based on the segmentation: lower resolution will result in more&#10;localization error. However, the effect on quality is quite&#10;modest, and this optimization is generally recommended (along&#10;with segSigma = 0). If segSigma is non-zero, the filtering by&#10;segSigma occurs first, followed by the block LPF, and the&#10;decimation. This defaults to false, indicating that the option&#10;is not enabled.&lt;/li&gt;&#10;&lt;li&gt;&lt;em&gt;SegSigma&lt;/em&gt;: Set the Gaussian smoothing kernel applied to image (0 == no filter)&#10;used when detecting the outline of the box. It is almost always&#10;useful to have some filtering, since the loss of small details&#10;won't hurt. Recommended value = 0.8 (the default). The case where sigma ==&#10;segsigma has been optimized to avoid a redundant filter&#10;operation.&lt;/li&gt;&#10;&lt;li&gt;&lt;em&gt;Sigma&lt;/em&gt;: Set the Gaussian smoothing kernel applied to image (0 == no filter, the default)&#10;used when sampling bits. Filtering is a good idea in cases&#10;where A) a cheap camera is introducing artifical sharpening, B)&#10;the bayer pattern is creating artifcats, C) the sensor is very&#10;noisy and/or has hot/cold pixels. However, filtering makes it&#10;harder to decode very small tags. Reasonable values are 0, or&#10;[0.8, 1.5].&lt;/li&gt;&#10;&lt;li&gt;&lt;em&gt;TagFamily&lt;/em&gt;: Set the name of the tag family being detected.&#10;This defaults to &amp;quot;Tag36h11&amp;quot;.&#10;The supported families are &amp;quot;Tag16h5&amp;quot;, &amp;quot;Tag25h7&amp;quot;, &amp;quot;Tag25h9&amp;quot;, &amp;quot;Tag36h10&amp;quot;, and &amp;quot;Tag36h11&amp;quot;.&#10;The default family seems least susceptible to false positives.&lt;/li&gt;&#10;&lt;li&gt;&lt;em&gt;ThetaThresh&lt;/em&gt;: When growing components, the intra component variation is&#10;allowed to grow when the component is small in size. This&#10;threshold affects how much. The default is 100.&lt;/li&gt;&#10;&lt;/ul&gt;">
            </property>
            <property name="author" class="ptolemy.kernel.util.StringAttribute" value="Edward A. Lee (eal@eecs.berkeley.edu)">
            </property>
            <property name="version" class="ptolemy.kernel.util.StringAttribute" value="$$Id$$">
            </property>
            <property name="input (port)" class="ptolemy.kernel.util.StringAttribute" value="An input image.">
            </property>
            <property name="output (port)" class="ptolemy.kernel.util.StringAttribute" value="An output image, with detected AprilTags outlined in green and identified.">
            </property>
            <property name="tags (port)" class="ptolemy.kernel.util.StringAttribute" value="An array of objects, one object for each tag detected in the image.">
            </property>
            <property name="options (parameter)" class="ptolemy.kernel.util.StringAttribute" value="The options for the detector. This is a JSON object with fields defined above.&#10;  It defaults to an empty object, meaning to use default values for all the otpions.">
            </property>
        </property>
        <property name="_tableauFactory" class="ptolemy.vergil.toolbox.TextEditorTableauFactory">
            <property name="attributeName" class="ptolemy.kernel.util.StringAttribute" value="script">
            </property>
            <property name="syntaxStyle" class="ptolemy.kernel.util.StringAttribute" value="text/javascript">
            </property>
        </property>
        <property name="options" class="ptolemy.actor.parameters.PortParameter" value="">
            <property name="_stringMode" class="ptolemy.kernel.util.SingletonAttribute">
            </property>
            <property name="_JSON" class="ptolemy.kernel.util.SingletonAttribute">
            </property>
        </property>
        <property name="_location" class="ptolemy.kernel.util.Location" value="[595.0, 355.0]">
        </property>
        <port name="options" class="ptolemy.actor.parameters.ParameterPort">
            <property name="input"/>
            <property name="defaultValue" class="ptolemy.data.expr.Parameter">
            </property>
            <property name="_JSON" class="ptolemy.kernel.util.SingletonAttribute">
            </property>
        </port>
        <port name="input" class="ptolemy.actor.TypedIOPort">
            <property name="input"/>
        </port>
        <port name="output" class="ptolemy.actor.TypedIOPort">
            <property name="output"/>
        </port>
        <port name="tags" class="ptolemy.actor.TypedIOPort">
            <property name="output"/>
        </port>
    </entity>
    <entity name="ImageDisplay" class="org.terraswarm.accessor.JSAccessor">
        <property name="_windowProperties" class="ptolemy.actor.gui.WindowPropertiesAttribute">
        </property>
        <property name="_paneSize" class="ptolemy.actor.gui.SizeAttribute">
        </property>
        <property name="script" class="ptolemy.actor.parameters.PortParameter" value="// Display an image on the console.&#10;//&#10;// Copyright (c) 2017 The Regents of the University of California.&#10;// All rights reserved.&#10;//&#10;// Permission is hereby granted, without written agreement and without&#10;// license or royalty fees, to use, copy, modify, and distribute this&#10;// software and its documentation for any purpose, provided that the above&#10;// copyright notice and the following two paragraphs appear in all copies&#10;// of this software.&#10;//&#10;// IN NO EVENT SHALL THE UNIVERSITY OF CALIFORNIA BE LIABLE TO ANY PARTY&#10;// FOR DIRECT, INDIRECT, SPECIAL, INCIDENTAL, OR CONSEQUENTIAL DAMAGES&#10;// ARISING OUT OF THE USE OF THIS SOFTWARE AND ITS DOCUMENTATION, EVEN IF&#10;// THE UNIVERSITY OF CALIFORNIA HAS BEEN ADVISED OF THE POSSIBILITY OF&#10;// SUCH DAMAGE.&#10;//&#10;// THE UNIVERSITY OF CALIFORNIA SPECIFICALLY DISCLAIMS ANY WARRANTIES,&#10;// INCLUDING, BUT NOT LIMITED TO, THE IMPLIED WARRANTIES OF&#10;// MERCHANTABILITY AND FITNESS FOR A PARTICULAR PURPOSE. THE SOFTWARE&#10;// PROVIDED HEREUNDER IS ON AN &quot;AS IS&quot; BASIS, AND THE UNIVERSITY OF&#10;// CALIFORNIA HAS NO OBLIGATION TO PROVIDE MAINTENANCE, SUPPORT, UPDATES,&#10;// ENHANCEMENTS, OR MODIFICATIONS.&#10;//&#10;&#10;/** Display an image on the console.&#10; *  The image is passed through to the output in case a model wishes to ensure&#10; *  that the image has been displayed before something else happens.&#10; *&#10; *  @accessor image/ImageDisplay&#10; *  @input input The image to display.&#10; *  @output output The image to display.&#10; *  @author Christopher Brooks&#10; *  @version $$Id$$&#10; */&#10;&#10;// Stop extra messages from jslint.  Note that there should be no&#10;// space between the / and the * and global.&#10;/*globals console, error, exports, require */&#10;/*jshint globalstrict: true*/&#10;&quot;use strict&quot;;&#10;&#10;var imageDisplay = require('@accessors-modules/image-display');&#10;var display = null;&#10;&#10;exports.setup = function () {&#10;    this.input('input');&#10;    this.output('output');&#10;};&#10;&#10;exports.initialize = function () {&#10;    if (display === null) {&#10;        display = new imageDisplay.ImageDisplay();&#10;    }&#10;&#10;    this.addInputHandler('input', function () {&#10;        var inputValue = this.get('input');&#10;        display.displayImage(inputValue);&#10;        this.send('output', inputValue);&#10;    });&#10;};&#10;">
            <property name="style" class="ptolemy.actor.gui.style.NoteStyle">
                <property name="note" class="ptolemy.kernel.util.StringAttribute" value="NOTE: To see the script, invoke Open Actor">
                </property>
            </property>
        </property>
        <property name="accessorSource" class="org.terraswarm.accessor.JSAccessor$ActionableAttribute" value="https://accessors.org/image/ImageDisplay.js">
        </property>
        <property name="documentation" class="ptolemy.vergil.basic.DocAttribute">
            <property name="description" class="ptolemy.kernel.util.StringAttribute" value="&lt;p&gt;Display an image on the console.&#10; The image is passed through to the output in case a model wishes to ensure&#10; that the image has been displayed before something else happens.&lt;/p&gt;">
            </property>
            <property name="author" class="ptolemy.kernel.util.StringAttribute" value="Christopher Brooks">
            </property>
            <property name="version" class="ptolemy.kernel.util.StringAttribute" value="$$Id$$">
            </property>
            <property name="input (port)" class="ptolemy.kernel.util.StringAttribute" value="The image to display.">
            </property>
            <property name="output (port)" class="ptolemy.kernel.util.StringAttribute" value="The image to display.">
            </property>
        </property>
        <property name="_tableauFactory" class="ptolemy.vergil.toolbox.TextEditorTableauFactory">
            <property name="attributeName" class="ptolemy.kernel.util.StringAttribute" value="script">
            </property>
            <property name="syntaxStyle" class="ptolemy.kernel.util.StringAttribute" value="text/javascript">
            </property>
        </property>
        <property name="_location" class="ptolemy.kernel.util.Location" value="[855.0, 285.0]">
        </property>
        <port name="input" class="ptolemy.actor.TypedIOPort">
            <property name="input"/>
        </port>
        <port name="output" class="ptolemy.actor.TypedIOPort">
            <property name="output"/>
        </port>
    </entity>
    <entity name="Display" class="ptolemy.actor.lib.gui.Display">
        <property name="_windowProperties" class="ptolemy.actor.gui.WindowPropertiesAttribute" value="{bounds={-9, -9, 1938, 1038}, maximized=true}">
        </property>
        <property name="_paneSize" class="ptolemy.actor.gui.SizeAttribute" value="[1920, 965]">
        </property>
        <property name="_location" class="ptolemy.kernel.util.Location" value="[855.0, 425.0]">
        </property>
    </entity>
    <relation name="relation" class="ptolemy.actor.TypedIORelation">
    </relation>
    <relation name="relation2" class="ptolemy.actor.TypedIORelation">
    </relation>
    <relation name="relation3" class="ptolemy.actor.TypedIORelation">
    </relation>
    <link port="Camera.image" relation="relation"/>
    <link port="AprilTags.input" relation="relation"/>
    <link port="AprilTags.output" relation="relation2"/>
    <link port="AprilTags.tags" relation="relation3"/>
    <link port="ImageDisplay.input" relation="relation2"/>
    <link port="Display.input" relation="relation3"/>
</entity>
