<?xml version="1.0" standalone="no"?>
<!DOCTYPE entity PUBLIC "-//UC Berkeley//DTD MoML 1//EN"
    "http://ptolemy.eecs.berkeley.edu/xml/dtd/MoML_1.dtd">
<entity name="LAB3 MODAL MODEL" class="ptolemy.actor.TypedCompositeActor">
    <property name="_createdBy" class="ptolemy.kernel.attributes.VersionAttribute" value="11.0.1">
    </property>
    <property name="_windowProperties" class="ptolemy.actor.gui.WindowPropertiesAttribute" value="{bounds={0, 25, 1440, 822}, maximized=true}">
    </property>
    <property name="_vergilSize" class="ptolemy.actor.gui.SizeAttribute" value="[1206, 706]">
    </property>
    <property name="_vergilZoomFactor" class="ptolemy.data.expr.ExpertParameter" value="3.0821231804461204">
    </property>
    <property name="_vergilCenter" class="ptolemy.data.expr.ExpertParameter" value="{-89.82165387033044, 35.090820312500014}">
    </property>
    <property name="DE Director" class="ptolemy.domains.de.kernel.DEDirector">
        <property name="stopTime" class="ptolemy.data.expr.Parameter" value="0.03">
        </property>
        <property name="_location" class="ptolemy.kernel.util.Location" value="[-230.0, -50.0]">
        </property>
    </property>
    <property name="averageeventinterval" class="ptolemy.data.expr.Parameter" value="0.005">
        <property name="_hideName" class="ptolemy.kernel.util.SingletonAttribute">
        </property>
        <property name="_icon" class="ptolemy.vergil.icon.ValueIcon">
            <property name="_color" class="ptolemy.actor.gui.ColorAttribute" value="{0.0, 0.0, 1.0, 1.0}">
            </property>
        </property>
        <property name="_smallIconDescription" class="ptolemy.kernel.util.SingletonConfigurableAttribute">
            <configure>
      <svg>
        <text x="20" style="font-size:14; font-family:SansSerif; fill:blue" y="20">-P-</text>
      </svg>
    </configure>
        </property>
        <property name="_editorFactory" class="ptolemy.vergil.toolbox.VisibleParameterEditorFactory">
        </property>
        <property name="_location" class="ptolemy.kernel.util.Location" value="[-110.0, -45.0]">
        </property>
    </property>
    <property name="noisestandardseviation" class="ptolemy.data.expr.Parameter" value="0.2">
        <display name="noisestandarddeviation"/>
        <property name="_hideName" class="ptolemy.kernel.util.SingletonAttribute">
        </property>
        <property name="_icon" class="ptolemy.vergil.icon.ValueIcon">
            <property name="_color" class="ptolemy.actor.gui.ColorAttribute" value="{0.0, 0.0, 1.0, 1.0}">
            </property>
        </property>
        <property name="_smallIconDescription" class="ptolemy.kernel.util.SingletonConfigurableAttribute">
            <configure>
      <svg>
        <text x="20" style="font-size:14; font-family:SansSerif; fill:blue" y="20">-P-</text>
      </svg>
    </configure>
        </property>
        <property name="_editorFactory" class="ptolemy.vergil.toolbox.VisibleParameterEditorFactory">
        </property>
        <property name="_location" class="ptolemy.kernel.util.Location" value="[-110.0, -25.0]">
        </property>
    </property>
    <property name="REGNO" class="ptolemy.data.expr.StringParameter" value="20BPS1045">
        <property name="_hideName" class="ptolemy.kernel.util.SingletonAttribute">
        </property>
        <property name="_icon" class="ptolemy.vergil.icon.ValueIcon">
            <property name="_color" class="ptolemy.actor.gui.ColorAttribute" value="{1.0, 0.0, 0.0, 1.0}">
            </property>
        </property>
        <property name="_smallIconDescription" class="ptolemy.kernel.util.SingletonConfigurableAttribute">
            <configure>
      <svg>
        <text x="20" style="font-size:14; font-family:SansSerif; fill:red" y="20">-S-</text>
      </svg>
    </configure>
        </property>
        <property name="_editorFactory" class="ptolemy.vergil.toolbox.VisibleParameterEditorFactory">
        </property>
        <property name="_location" class="ptolemy.kernel.util.Location" value="[-110.0, -5.0]">
        </property>
    </property>
    <entity name="CompositeActor" class="ptolemy.actor.TypedCompositeActor">
        <property name="_location" class="ptolemy.kernel.util.Location" value="[-230.0, 20.0]">
        </property>
        <property name="SDF Director" class="ptolemy.domains.sdf.kernel.SDFDirector">
            <property name="iterations" class="ptolemy.data.expr.Parameter" value="AUTO">
            </property>
            <property name="period" class="ptolemy.data.expr.Parameter" value="1/24000.0">
            </property>
            <property name="_location" class="ptolemy.kernel.util.Location" value="[770.0, 320.0]">
            </property>
        </property>
        <property name="_windowProperties" class="ptolemy.actor.gui.WindowPropertiesAttribute" value="{bounds={0, 25, 1440, 822}, maximized=true}">
        </property>
        <property name="_vergilSize" class="ptolemy.actor.gui.SizeAttribute" value="[1708, 918]">
        </property>
        <property name="_vergilZoomFactor" class="ptolemy.data.expr.ExpertParameter" value="4.907514450867052">
        </property>
        <property name="_vergilCenter" class="ptolemy.data.expr.ExpertParameter" value="{885.0, 374.63618963486454}">
        </property>
        <port name="out" class="ptolemy.actor.TypedIOPort">
            <property name="output"/>
            <property name="_location" class="ptolemy.kernel.util.Location" value="[1045.0, 415.0]">
            </property>
        </port>
        <entity name="Ramp" class="ptolemy.actor.lib.Ramp">
            <property name="step" class="ptolemy.actor.parameters.PortParameter" value="440.0*2*PI/24000.0">
            </property>
            <doc>Create a sequence of tokens with increasing value</doc>
            <property name="_location" class="ptolemy.kernel.util.Location" value="[795.0, 415.0]">
            </property>
        </entity>
        <entity name="TrigFunction" class="ptolemy.actor.lib.TrigFunction">
            <property name="_icon" class="ptolemy.vergil.icon.AttributeValueIcon">
                <property name="attributeName" class="ptolemy.kernel.util.StringAttribute" value="function">
                </property>
            </property>
            <property name="_location" class="ptolemy.kernel.util.Location" value="[935.0, 415.0]">
            </property>
        </entity>
        <relation name="relation" class="ptolemy.actor.TypedIORelation">
        </relation>
        <relation name="relation2" class="ptolemy.actor.TypedIORelation">
        </relation>
        <link port="out" relation="relation2"/>
        <link port="Ramp.output" relation="relation"/>
        <link port="TrigFunction.input" relation="relation"/>
        <link port="TrigFunction.output" relation="relation2"/>
    </entity>
    <entity name="PoissonClock" class="ptolemy.actor.lib.PoissonClock">
        <property name="meanTime" class="ptolemy.data.expr.Parameter" value="averageeventinterval">
        </property>
        <property name="values" class="ptolemy.data.expr.Parameter" value="{0}">
        </property>
        <property name="_location" class="ptolemy.kernel.util.Location" value="[-230.0, 120.0]">
        </property>
    </entity>
    <entity name="TimedPlotter" class="ptolemy.actor.lib.gui.TimedPlotter">
        <property name="fillOnWrapup" class="ptolemy.data.expr.Parameter" value="false">
        </property>
        <property name="_windowProperties" class="ptolemy.actor.gui.WindowPropertiesAttribute" value="{bounds={526, 147, 1033, 703}, maximized=false}">
        </property>
        <property name="_plotSize" class="ptolemy.actor.gui.SizeAttribute" value="[1015, 630]">
        </property>
        <property name="disconnectGraphOnAbsentValue" class="ptolemy.data.expr.Parameter" value="true">
        </property>
        <property name="_location" class="ptolemy.kernel.util.Location" value="[15.0, 125.0]">
        </property>
        <configure>
<?plotml <!DOCTYPE plot PUBLIC "-//UC Berkeley//DTD PlotML 1//EN"
"http://ptolemy.eecs.berkeley.edu/xml/dtd/PlotML_1.dtd">
<plot>
<title>Sample plot</title>
<xLabel>time</xLabel>
<yLabel>value</yLabel>
<xRange min="-1.1" max="2.6616788321167886"/>
<yRange min="-1.1" max="1.1"/>
<yTicks>
  <tick label="-PI" position="-3.141592653589793"/>
  <tick label="-PI/2" position="-1.5707963267948966"/>
  <tick label="0" position="0.0"/>
  <tick label="PI/2" position="1.5707963267948966"/>
  <tick label="PI" position="3.141592653589793"/>
</yTicks>
<default stems="yes"/>
</plot>?>
        </configure>
    </entity>
    <entity name="Modal Model" class="ptolemy.domains.modal.modal.ModalModel">
        <property name="_tableauFactory" class="ptolemy.vergil.modal.modal.ModalTableauFactory">
        </property>
        <property name="_location" class="ptolemy.kernel.util.Location" value="[-80.0, 65.0]">
        </property>
        <port name="signal" class="ptolemy.domains.modal.modal.ModalPort">
            <property name="input"/>
            <property name="_showName" class="ptolemy.data.expr.SingletonParameter" value="true">
            </property>
        </port>
        <port name="event" class="ptolemy.domains.modal.modal.ModalPort">
            <property name="input"/>
            <property name="_showName" class="ptolemy.data.expr.SingletonParameter" value="true">
            </property>
        </port>
        <port name="output" class="ptolemy.domains.modal.modal.ModalPort">
            <property name="output"/>
            <property name="_showName" class="ptolemy.data.expr.SingletonParameter" value="true">
            </property>
        </port>
        <entity name="_Controller" class="ptolemy.domains.modal.modal.ModalController">
            <property name="_library" class="ptolemy.moml.LibraryAttribute">
                <configure>
    <entity name="state library" class="ptolemy.kernel.CompositeEntity"><input source="ptolemy/configs/annotation.xml"></input><entity name="state" class="ptolemy.domains.modal.kernel.State"><property name="_centerName" class="ptolemy.kernel.util.Attribute"></property></entity></entity>
  </configure>
            </property>
            <property name="_vergilSize" class="ptolemy.actor.gui.SizeAttribute" value="[1708, 918]">
            </property>
            <property name="_vergilLocation" class="ptolemy.actor.gui.LocationAttribute" value="[104, 127]">
            </property>
            <property name="_windowProperties" class="ptolemy.actor.gui.WindowPropertiesAttribute" value="{bounds={0, 25, 1440, 822}, maximized=true}">
            </property>
            <property name="_vergilZoomFactor" class="ptolemy.data.expr.ExpertParameter" value="4.630286239909584">
            </property>
            <property name="_vergilCenter" class="ptolemy.data.expr.ExpertParameter" value="{213.48575526475904, 114.0500937689039}">
            </property>
            <port name="signal" class="ptolemy.domains.modal.modal.RefinementPort">
                <property name="input"/>
                <property name="_location" class="ptolemy.kernel.util.Location" value="[45.0, 45.0]">
                </property>
            </port>
            <port name="event" class="ptolemy.domains.modal.modal.RefinementPort">
                <property name="input"/>
                <property name="_location" class="ptolemy.kernel.util.Location" value="[45.0, 95.0]">
                </property>
            </port>
            <port name="output" class="ptolemy.domains.modal.modal.RefinementPort">
                <property name="input"/>
                <property name="output"/>
                <property name="_location" class="ptolemy.kernel.util.Location" value="[335.0, 75.0]">
                </property>
            </port>
            <entity name="clean" class="ptolemy.domains.modal.kernel.State">
                <property name="refinementName" class="ptolemy.kernel.util.StringAttribute" value="clean">
                </property>
                <property name="isInitialState" class="ptolemy.data.expr.Parameter" value="true">
                </property>
                <property name="_controllerFactory" class="ptolemy.vergil.modal.modal.HierarchicalStateControllerFactory">
                </property>
                <property name="_location" class="ptolemy.kernel.util.Location" value="[135.0, 75.0]">
                </property>
                <property name="_hideName" class="ptolemy.data.expr.SingletonParameter" value="true">
                </property>
            </entity>
            <entity name="noisy" class="ptolemy.domains.modal.kernel.State">
                <property name="refinementName" class="ptolemy.kernel.util.StringAttribute" value="noisy">
                </property>
                <property name="_controllerFactory" class="ptolemy.vergil.modal.modal.HierarchicalStateControllerFactory">
                </property>
                <property name="_location" class="ptolemy.kernel.util.Location" value="[255.0, 75.0]">
                </property>
                <property name="_hideName" class="ptolemy.data.expr.SingletonParameter" value="true">
                </property>
            </entity>
            <relation name="relation" class="ptolemy.domains.modal.kernel.Transition">
                <property name="guardExpression" class="ptolemy.kernel.util.StringAttribute" value="event_isPresent">
                </property>
                <property name="exitAngle" class="ptolemy.data.expr.Parameter" value="0.6283185307179586">
                </property>
                <property name="gamma" class="ptolemy.data.expr.Parameter" value="0.1092725249701868">
                </property>
                <property name="preemptive" class="ptolemy.data.expr.Parameter" value="false">
                </property>
                <property name="history" class="ptolemy.data.expr.Parameter" value="false">
                </property>
            </relation>
            <relation name="relation2" class="ptolemy.domains.modal.kernel.Transition">
                <property name="guardExpression" class="ptolemy.kernel.util.StringAttribute" value="event_isPresent">
                </property>
                <property name="exitAngle" class="ptolemy.data.expr.Parameter" value="0.6283185307179586">
                </property>
                <property name="gamma" class="ptolemy.data.expr.Parameter" value="-3.032320128619606">
                </property>
                <property name="preemptive" class="ptolemy.data.expr.Parameter" value="false">
                </property>
                <property name="history" class="ptolemy.data.expr.Parameter" value="false">
                </property>
            </relation>
            <link port="clean.incomingPort" relation="relation2"/>
            <link port="clean.outgoingPort" relation="relation"/>
            <link port="noisy.incomingPort" relation="relation"/>
            <link port="noisy.outgoingPort" relation="relation2"/>
        </entity>
        <entity name="clean" class="ptolemy.domains.modal.modal.Refinement">
            <property name="_vergilSize" class="ptolemy.actor.gui.SizeAttribute" value="[576, 350]">
            </property>
            <property name="_vergilLocation" class="ptolemy.actor.gui.LocationAttribute" value="[104, 127]">
            </property>
            <property name="initialPhase" class="ptolemy.data.expr.Parameter" value="5456.527560262593">
            </property>
            <property name="sampleRate" class="ptolemy.data.expr.Parameter" value="24000.0">
            </property>
            <property name="_windowProperties" class="ptolemy.actor.gui.WindowPropertiesAttribute" value="{bounds={540, 412, 810, 634}, maximized=false}">
            </property>
            <property name="_vergilZoomFactor" class="ptolemy.data.expr.ExpertParameter" value="1.0">
            </property>
            <property name="_vergilCenter" class="ptolemy.data.expr.ExpertParameter" value="{288.0, 175.0}">
            </property>
            <property name="SDF Director" class="ptolemy.domains.sdf.kernel.SDFDirector">
                <property name="period" class="ptolemy.data.expr.Parameter" value="0.0">
                </property>
                <property name="_location" class="ptolemy.kernel.util.Location" value="{60.0, 40.0}">
                </property>
            </property>
            <property name="Annotation" class="ptolemy.vergil.kernel.attributes.TextAttribute">
                <property name="text" class="ptolemy.kernel.util.StringAttribute" value="This mode refinement passed input values&#10;directly to the output unmodified, thus modeling&#10;a clean communication channel.">
                </property>
                <property name="_location" class="ptolemy.kernel.util.Location" value="[10.0, 180.0]">
                </property>
            </property>
            <port name="signal" class="ptolemy.domains.modal.modal.RefinementPort">
                <property name="input"/>
                <property name="_location" class="ptolemy.kernel.util.Location" value="[25.0, 110.0]">
                </property>
            </port>
            <port name="event" class="ptolemy.domains.modal.modal.RefinementPort">
                <property name="input"/>
                <property name="_location" class="ptolemy.kernel.util.Location" value="[25.0, 160.0]">
                </property>
                <property name="tokenConsumptionRate" class="ptolemy.data.expr.Parameter" value="0">
                </property>
            </port>
            <port name="output" class="ptolemy.domains.modal.modal.RefinementPort">
                <property name="output"/>
                <property name="_location" class="ptolemy.kernel.util.Location" value="[175.0, 110.0]">
                </property>
                <property name="tokenProductionRate" class="ptolemy.data.expr.Parameter" value="1">
                </property>
                <property name="tokenInitProduction" class="ptolemy.data.expr.Parameter" value="0">
                </property>
            </port>
            <relation name="relation" class="ptolemy.actor.TypedIORelation">
            </relation>
            <link port="signal" relation="relation"/>
            <link port="output" relation="relation"/>
        </entity>
        <entity name="noisy" class="ptolemy.domains.modal.modal.Refinement">
            <property name="_vergilSize" class="ptolemy.actor.gui.SizeAttribute" value="[600, 400]">
            </property>
            <property name="_vergilLocation" class="ptolemy.actor.gui.LocationAttribute" value="[104, 127]">
            </property>
            <property name="initialPhase" class="ptolemy.data.expr.Parameter" value="5462.978297177959">
            </property>
            <property name="_windowProperties" class="ptolemy.actor.gui.WindowPropertiesAttribute" value="{bounds={92, 330, 834, 634}, maximized=false}">
            </property>
            <property name="_vergilZoomFactor" class="ptolemy.data.expr.ExpertParameter" value="1.0">
            </property>
            <property name="_vergilCenter" class="ptolemy.data.expr.ExpertParameter" value="{300.0, 200.0}">
            </property>
            <property name="sampleRate" class="ptolemy.data.expr.Parameter" value="24000.0">
            </property>
            <property name="SDF Director" class="ptolemy.domains.sdf.kernel.SDFDirector">
                <property name="period" class="ptolemy.data.expr.Parameter" value="0.0">
                </property>
                <property name="_location" class="ptolemy.kernel.util.Location" value="[60.0, 35.0]">
                </property>
            </property>
            <property name="Annotation" class="ptolemy.vergil.kernel.attributes.TextAttribute">
                <property name="text" class="ptolemy.kernel.util.StringAttribute" value="This mode refinement adds noise to the input&#10;values, thus modeling a noisy communication channel.">
                </property>
                <property name="_location" class="ptolemy.kernel.util.Location" value="[10.0, 215.0]">
                </property>
            </property>
            <port name="signal" class="ptolemy.domains.modal.modal.RefinementPort">
                <property name="input"/>
                <property name="_location" class="ptolemy.kernel.util.Location" value="[20.0, 105.0]">
                </property>
            </port>
            <port name="event" class="ptolemy.domains.modal.modal.RefinementPort">
                <property name="input"/>
                <property name="_location" class="ptolemy.kernel.util.Location" value="[20.0, 160.0]">
                </property>
                <property name="tokenConsumptionRate" class="ptolemy.data.expr.Parameter" value="0">
                </property>
            </port>
            <port name="output" class="ptolemy.domains.modal.modal.RefinementPort">
                <property name="output"/>
                <property name="_location" class="ptolemy.kernel.util.Location" value="[300.0, 120.0]">
                </property>
                <property name="tokenProductionRate" class="ptolemy.data.expr.Parameter" value="1">
                </property>
                <property name="tokenInitProduction" class="ptolemy.data.expr.Parameter" value="0">
                </property>
            </port>
            <entity name="AddSubtract" class="ptolemy.actor.lib.AddSubtract">
                <property name="_location" class="ptolemy.kernel.util.Location" value="[215.0, 120.0]">
                </property>
            </entity>
            <entity name="Gaussian2" class="ptolemy.actor.lib.Gaussian">
                <property name="standardDeviation" class="ptolemy.actor.parameters.PortParameter" value="noisestandardseviation">
                </property>
                <doc>Create a sequence of gaussian random variables</doc>
                <property name="_location" class="ptolemy.kernel.util.Location" value="[130.0, 165.0]">
                </property>
            </entity>
            <relation name="relation2" class="ptolemy.actor.TypedIORelation">
            </relation>
            <relation name="relation" class="ptolemy.actor.TypedIORelation">
            </relation>
            <relation name="relation3" class="ptolemy.actor.TypedIORelation">
            </relation>
            <link port="signal" relation="relation"/>
            <link port="output" relation="relation2"/>
            <link port="AddSubtract.plus" relation="relation"/>
            <link port="AddSubtract.plus" relation="relation3"/>
            <link port="AddSubtract.output" relation="relation2"/>
            <link port="Gaussian2.output" relation="relation3"/>
        </entity>
        <relation name="eventRelation" class="ptolemy.actor.TypedIORelation">
        </relation>
        <relation name="outputRelation" class="ptolemy.actor.TypedIORelation">
        </relation>
        <relation name="signalRelation" class="ptolemy.actor.TypedIORelation">
            <property name="width" class="ptolemy.data.expr.Parameter" value="Auto">
            </property>
        </relation>
        <link port="signal" relation="signalRelation"/>
        <link port="event" relation="eventRelation"/>
        <link port="output" relation="outputRelation"/>
        <link port="_Controller.signal" relation="signalRelation"/>
        <link port="_Controller.event" relation="eventRelation"/>
        <link port="_Controller.output" relation="outputRelation"/>
        <link port="clean.signal" relation="signalRelation"/>
        <link port="clean.event" relation="eventRelation"/>
        <link port="clean.output" relation="outputRelation"/>
        <link port="noisy.signal" relation="signalRelation"/>
        <link port="noisy.event" relation="eventRelation"/>
        <link port="noisy.output" relation="outputRelation"/>
    </entity>
    <relation name="relation3" class="ptolemy.actor.TypedIORelation">
        <property name="width" class="ptolemy.data.expr.Parameter" value="-1">
        </property>
        <vertex name="vertex1" value="[-140.0, 120.0]">
        </vertex>
    </relation>
    <relation name="relation" class="ptolemy.actor.TypedIORelation">
    </relation>
    <relation name="relation2" class="ptolemy.actor.TypedIORelation">
    </relation>
    <link port="CompositeActor.out" relation="relation"/>
    <link port="PoissonClock.output" relation="relation3"/>
    <link port="TimedPlotter.input" relation="relation3"/>
    <link port="TimedPlotter.input" relation="relation2"/>
    <link port="Modal Model.signal" relation="relation"/>
    <link port="Modal Model.event" relation="relation3"/>
    <link port="Modal Model.output" relation="relation2"/>
</entity>
