<?xml version="1.0" standalone="no"?>
<!DOCTYPE entity PUBLIC "-//UC Berkeley//DTD MoML 1//EN"
    "http://ptolemy.eecs.berkeley.edu/xml/dtd/MoML_1.dtd">
<entity name="LAB3 DE" class="ptolemy.actor.TypedCompositeActor">
    <property name="_createdBy" class="ptolemy.kernel.attributes.VersionAttribute" value="11.0.1">
    </property>
    <property name="DE Director" class="ptolemy.domains.de.kernel.DEDirector">
        <property name="stopTime" class="ptolemy.data.expr.Parameter" value="20">
        </property>
        <property name="_location" class="ptolemy.kernel.util.Location" value="[250.0, 125.0]">
        </property>
    </property>
    <property name="_windowProperties" class="ptolemy.actor.gui.WindowPropertiesAttribute" value="{bounds={0, 25, 1440, 822}, maximized=true}">
    </property>
    <property name="_vergilSize" class="ptolemy.actor.gui.SizeAttribute" value="[1300, 730]">
    </property>
    <property name="_vergilZoomFactor" class="ptolemy.data.expr.ExpertParameter" value="2.064103205160258">
    </property>
    <property name="_vergilCenter" class="ptolemy.data.expr.ExpertParameter" value="{509.484375, 271.1130087209302}">
    </property>
    <entity name="PoissonClock" class="ptolemy.actor.lib.PoissonClock">
        <property name="meanTime" class="ptolemy.data.expr.Parameter" value="10.0">
        </property>
        <property name="fireAtStart" class="ptolemy.data.expr.Parameter" value="false">
        </property>
        <property name="_location" class="ptolemy.kernel.util.Location" value="[375.0, 310.0]">
        </property>
    </entity>
    <entity name="DiscreteClock" class="ptolemy.actor.lib.DiscreteClock">
        <doc>Create periodic timed events.</doc>
        <property name="_location" class="ptolemy.kernel.util.Location" value="[265.0, 210.0]">
        </property>
    </entity>
    <entity name="Ramp" class="ptolemy.actor.lib.Ramp">
        <doc>Create a sequence of tokens with increasing value</doc>
        <property name="_location" class="ptolemy.kernel.util.Location" value="[420.0, 220.0]">
        </property>
    </entity>
    <entity name="TimedPlotter" class="ptolemy.actor.lib.gui.TimedPlotter">
        <property name="_windowProperties" class="ptolemy.actor.gui.WindowPropertiesAttribute" value="{bounds={545, 267, 500, 372}, maximized=false}">
        </property>
        <property name="_plotSize" class="ptolemy.actor.gui.SizeAttribute" value="[500, 300]">
        </property>
        <property name="_location" class="ptolemy.kernel.util.Location" value="[760.0, 230.0]">
        </property>
        <configure>
<?plotml <!DOCTYPE plot PUBLIC "-//UC Berkeley//DTD PlotML 1//EN"
"http://ptolemy.eecs.berkeley.edu/xml/dtd/PlotML_1.dtd">
<plot>
<title>TimedPlotter</title>
<xLabel></xLabel>
<yLabel></yLabel>
<xRange min="0.0" max="20.0"/>
<yRange min="0.0" max="17.0"/>
<default connected="no" marks="bigdots" stems="yes"/>
</plot>?>
        </configure>
    </entity>
    <entity name="ModalModel" class="ptolemy.domains.modal.modal.ModalModel">
        <property name="_tableauFactory" class="ptolemy.vergil.modal.modal.ModalTableauFactory">
        </property>
        <property name="_location" class="ptolemy.kernel.util.Location" value="[625.0, 230.0]">
        </property>
        <port name="in" class="ptolemy.domains.modal.modal.ModalPort">
            <property name="input"/>
            <property name="_showName" class="ptolemy.data.expr.SingletonParameter" value="true">
            </property>
        </port>
        <port name="error" class="ptolemy.domains.modal.modal.ModalPort">
            <property name="input"/>
            <property name="_showName" class="ptolemy.data.expr.SingletonParameter" value="true">
            </property>
        </port>
        <port name="out" class="ptolemy.domains.modal.modal.ModalPort">
            <property name="output"/>
            <property name="_showName" class="ptolemy.data.expr.SingletonParameter" value="true">
            </property>
        </port>
        <entity name="_Controller" class="ptolemy.domains.modal.modal.ModalController">
            <property name="_library" class="ptolemy.moml.LibraryAttribute">
                <configure>
      <entity name="state library" class="ptolemy.kernel.CompositeEntity"><input source="ptolemy/configs/basicUtilities.xml"></input><entity name="state" class="ptolemy.domains.modal.kernel.State"><property name="_centerName" class="ptolemy.kernel.util.Attribute"></property><property name="_controllerFactory" class="ptolemy.vergil.modal.modal.HierarchicalStateControllerFactory"></property></entity></entity>
    </configure>
            </property>
            <property name="previousin" class="ptolemy.data.expr.Parameter" value="17">
                <property name="_hideName" class="ptolemy.kernel.util.SingletonAttribute">
                </property>
                <property name="_icon" class="ptolemy.vergil.icon.ValueIcon">
                    <property name="_color" class="ptolemy.actor.gui.ColorAttribute" value="{0.0, 0.0, 1.0, 1.0}">
                    </property>
                </property>
                <property name="_smallIconDescription" class="ptolemy.kernel.util.SingletonConfigurableAttribute">
                    <configure>
      <svg>
        <text x="20" style="font-size:14; font-family:SansSerif; fill:blue" y="20">-P-</text>
      </svg>
    </configure>
                </property>
                <property name="_editorFactory" class="ptolemy.vergil.toolbox.VisibleParameterEditorFactory">
                </property>
                <property name="_location" class="ptolemy.kernel.util.Location" value="[110.0, 255.0]">
                </property>
            </property>
            <property name="_windowProperties" class="ptolemy.actor.gui.WindowPropertiesAttribute" value="{bounds={0, 25, 1440, 822}, maximized=true}">
            </property>
            <property name="_vergilSize" class="ptolemy.actor.gui.SizeAttribute" value="[1206, 705]">
            </property>
            <property name="_vergilZoomFactor" class="ptolemy.data.expr.ExpertParameter" value="2.9974937343358397">
            </property>
            <property name="_vergilCenter" class="ptolemy.data.expr.ExpertParameter" value="{303.5, 194.58431297480863}">
            </property>
            <property name="REGN0" class="ptolemy.data.expr.StringParameter" value="20BPS1045">
                <display name="REGNO"/>
                <property name="_hideName" class="ptolemy.kernel.util.SingletonAttribute">
                </property>
                <property name="_icon" class="ptolemy.vergil.icon.ValueIcon">
                    <property name="_color" class="ptolemy.actor.gui.ColorAttribute" value="{1.0, 0.0, 0.0, 1.0}">
                    </property>
                </property>
                <property name="_smallIconDescription" class="ptolemy.kernel.util.SingletonConfigurableAttribute">
                    <configure>
      <svg>
        <text x="20" style="font-size:14; font-family:SansSerif; fill:red" y="20">-S-</text>
      </svg>
    </configure>
                </property>
                <property name="_editorFactory" class="ptolemy.vergil.toolbox.VisibleParameterEditorFactory">
                </property>
                <property name="_location" class="ptolemy.kernel.util.Location" value="[110.0, 240.0]">
                </property>
            </property>
            <port name="in" class="ptolemy.domains.modal.modal.RefinementPort">
                <property name="input"/>
                <property name="defaultValue" class="ptolemy.data.expr.Parameter" value="">
                </property>
                <property name="_location" class="ptolemy.kernel.util.Location" value="[125.0, 140.0]">
                </property>
            </port>
            <port name="error" class="ptolemy.domains.modal.modal.RefinementPort">
                <property name="input"/>
                <property name="defaultValue" class="ptolemy.data.expr.Parameter" value="">
                </property>
                <property name="_location" class="ptolemy.kernel.util.Location" value="[120.0, 210.0]">
                </property>
            </port>
            <port name="out" class="ptolemy.domains.modal.modal.RefinementPort">
                <property name="input"/>
                <property name="output"/>
                <property name="defaultValue" class="ptolemy.data.expr.Parameter" value="">
                </property>
                <property name="_location" class="ptolemy.kernel.util.Location" value="[490.0, 170.0]">
                </property>
            </port>
            <entity name="normal" class="ptolemy.domains.modal.kernel.State">
                <property name="isInitialState" class="ptolemy.data.expr.Parameter" value="true">
                </property>
                <property name="_controllerFactory" class="ptolemy.vergil.modal.modal.HierarchicalStateControllerFactory">
                </property>
                <property name="_location" class="ptolemy.kernel.util.Location" value="[200.0, 165.0]">
                </property>
                <property name="_hideName" class="ptolemy.data.expr.SingletonParameter" value="true">
                </property>
            </entity>
            <entity name="faulty" class="ptolemy.domains.modal.kernel.State">
                <property name="_controllerFactory" class="ptolemy.vergil.modal.modal.HierarchicalStateControllerFactory">
                </property>
                <property name="_location" class="ptolemy.kernel.util.Location" value="[380.0, 165.0]">
                </property>
                <property name="_hideName" class="ptolemy.data.expr.SingletonParameter" value="true">
                </property>
            </entity>
            <relation name="relation" class="ptolemy.domains.modal.kernel.Transition">
                <property name="guardExpression" class="ptolemy.kernel.util.StringAttribute" value="error_isPresent">
                </property>
                <property name="outputActions" class="ptolemy.domains.modal.kernel.OutputActionsAttribute" value="out=previousin">
                </property>
                <property name="exitAngle" class="ptolemy.data.expr.Parameter" value="0.6283185307179586">
                </property>
                <property name="gamma" class="ptolemy.data.expr.Parameter" value="0.0">
                </property>
            </relation>
            <relation name="relation2" class="ptolemy.domains.modal.kernel.Transition">
                <property name="guardExpression" class="ptolemy.kernel.util.StringAttribute" value="in_isPresent">
                </property>
                <property name="outputActions" class="ptolemy.domains.modal.kernel.OutputActionsAttribute" value="out=previousin">
                </property>
                <property name="exitAngle" class="ptolemy.data.expr.Parameter" value="2.356194490192345">
                </property>
                <property name="gamma" class="ptolemy.data.expr.Parameter" value="-2.9529310639012927">
                </property>
            </relation>
            <relation name="relation3" class="ptolemy.domains.modal.kernel.Transition">
                <property name="guardExpression" class="ptolemy.kernel.util.StringAttribute" value="in_isPresent">
                </property>
                <property name="outputActions" class="ptolemy.domains.modal.kernel.OutputActionsAttribute" value="out=in">
                </property>
                <property name="setActions" class="ptolemy.domains.modal.kernel.CommitActionsAttribute" value="previousin=in">
                </property>
                <property name="exitAngle" class="ptolemy.data.expr.Parameter" value="2.356194490192345">
                </property>
                <property name="gamma" class="ptolemy.data.expr.Parameter" value="-2.9464217406766697">
                </property>
                <property name="defaultTransition" class="ptolemy.data.expr.Parameter" value="true">
                    <display name="default"/>
                </property>
            </relation>
            <link port="normal.incomingPort" relation="relation3"/>
            <link port="normal.outgoingPort" relation="relation"/>
            <link port="normal.outgoingPort" relation="relation3"/>
            <link port="faulty.incomingPort" relation="relation"/>
            <link port="faulty.incomingPort" relation="relation2"/>
            <link port="faulty.outgoingPort" relation="relation2"/>
        </entity>
        <relation name="inRelation" class="ptolemy.actor.TypedIORelation">
            <property name="width" class="ptolemy.data.expr.Parameter" value="Auto">
            </property>
        </relation>
        <relation name="errorRelation" class="ptolemy.actor.TypedIORelation">
            <property name="width" class="ptolemy.data.expr.Parameter" value="Auto">
            </property>
        </relation>
        <relation name="outRelation" class="ptolemy.actor.TypedIORelation">
            <property name="width" class="ptolemy.data.expr.Parameter" value="Auto">
            </property>
        </relation>
        <link port="in" relation="inRelation"/>
        <link port="error" relation="errorRelation"/>
        <link port="out" relation="outRelation"/>
        <link port="_Controller.in" relation="inRelation"/>
        <link port="_Controller.error" relation="errorRelation"/>
        <link port="_Controller.out" relation="outRelation"/>
    </entity>
    <relation name="relation" class="ptolemy.actor.TypedIORelation">
    </relation>
    <relation name="relation2" class="ptolemy.actor.TypedIORelation">
    </relation>
    <relation name="relation3" class="ptolemy.actor.TypedIORelation">
    </relation>
    <relation name="relation4" class="ptolemy.actor.TypedIORelation">
    </relation>
    <link port="PoissonClock.output" relation="relation"/>
    <link port="DiscreteClock.output" relation="relation4"/>
    <link port="Ramp.output" relation="relation3"/>
    <link port="Ramp.trigger" relation="relation4"/>
    <link port="TimedPlotter.input" relation="relation2"/>
    <link port="ModalModel.in" relation="relation3"/>
    <link port="ModalModel.error" relation="relation"/>
    <link port="ModalModel.out" relation="relation2"/>
</entity>
