<?xml version="1.0" standalone="no"?>
<!DOCTYPE entity PUBLIC "-//UC Berkeley//DTD MoML 1//EN"
    "http://ptolemy.eecs.berkeley.edu/xml/dtd/MoML_1.dtd">
<entity name="LAB3 DE QUEUEING" class="ptolemy.actor.TypedCompositeActor">
    <property name="_createdBy" class="ptolemy.kernel.attributes.VersionAttribute" value="11.0.1">
    </property>
    <property name="DE Director" class="ptolemy.domains.de.kernel.DEDirector">
        <property name="stopTime" class="ptolemy.data.expr.Parameter" value="30">
        </property>
        <property name="_location" class="ptolemy.kernel.util.Location" value="[115.0, 85.0]">
        </property>
    </property>
    <property name="_windowProperties" class="ptolemy.actor.gui.WindowPropertiesAttribute" value="{bounds={0, 25, 1440, 822}, maximized=true}">
    </property>
    <property name="_vergilSize" class="ptolemy.actor.gui.SizeAttribute" value="[1206, 706]">
    </property>
    <property name="_vergilZoomFactor" class="ptolemy.data.expr.ExpertParameter" value="2.8938300535243524">
    </property>
    <property name="_vergilCenter" class="ptolemy.data.expr.ExpertParameter" value="{238.64655108951717, 162.52147747349818}">
    </property>
    <property name="REGNO" class="ptolemy.data.expr.StringParameter" value="20BPS1045">
        <property name="_hideName" class="ptolemy.kernel.util.SingletonAttribute">
        </property>
        <property name="_icon" class="ptolemy.vergil.icon.ValueIcon">
            <property name="_color" class="ptolemy.actor.gui.ColorAttribute" value="{1.0, 0.0, 0.0, 1.0}">
            </property>
        </property>
        <property name="_smallIconDescription" class="ptolemy.kernel.util.SingletonConfigurableAttribute">
            <configure>
      <svg>
        <text x="20" style="font-size:14; font-family:SansSerif; fill:red" y="20">-S-</text>
      </svg>
    </configure>
        </property>
        <property name="_editorFactory" class="ptolemy.vergil.toolbox.VisibleParameterEditorFactory">
        </property>
        <property name="_location" class="ptolemy.kernel.util.Location" value="{220, 90}">
        </property>
    </property>
    <entity name="PoissonClock" class="ptolemy.actor.lib.PoissonClock">
        <property name="meanTime" class="ptolemy.data.expr.Parameter" value="2.0">
        </property>
        <property name="fireAtStart" class="ptolemy.data.expr.Parameter" value="true">
            <property name="style" class="ptolemy.actor.gui.style.LineStyle">
            </property>
        </property>
        <property name="_location" class="ptolemy.kernel.util.Location" value="{105, 165}">
        </property>
    </entity>
    <entity name="Ramp" class="ptolemy.actor.lib.Ramp">
        <doc>Create a sequence of tokens with increasing value</doc>
        <property name="_location" class="ptolemy.kernel.util.Location" value="[235.0, 175.0]">
        </property>
    </entity>
    <entity name="TimedPlotter" class="ptolemy.actor.lib.gui.TimedPlotter">
        <property name="legend" class="ptolemy.kernel.util.StringAttribute" value="Server, Queue">
        </property>
        <property name="_windowProperties" class="ptolemy.actor.gui.WindowPropertiesAttribute" value="{bounds={840, 331, 770, 488}, maximized=false}">
        </property>
        <property name="_plotSize" class="ptolemy.actor.gui.SizeAttribute" value="[752, 415]">
        </property>
        <property name="_location" class="ptolemy.kernel.util.Location" value="[555.0, 135.0]">
        </property>
        <configure>
<?plotml <!DOCTYPE plot PUBLIC "-//UC Berkeley//DTD PlotML 1//EN"
"http://ptolemy.eecs.berkeley.edu/xml/dtd/PlotML_1.dtd">
<plot>
<title>TimedPlotter</title>
<xLabel></xLabel>
<yLabel></yLabel>
<xRange min="0.0" max="29.4021887812"/>
<yRange min="0.0" max="16.0"/>
<default connected="no" marks="various" stems="yes"/>
</plot>?>
        </configure>
    </entity>
    <entity name="TimedPlotter2" class="ptolemy.actor.lib.gui.TimedPlotter">
        <property name="_windowProperties" class="ptolemy.actor.gui.WindowPropertiesAttribute" value="{bounds={623, 327, 787, 442}, maximized=false}">
        </property>
        <property name="_plotSize" class="ptolemy.actor.gui.SizeAttribute" value="[769, 369]">
        </property>
        <property name="_location" class="ptolemy.kernel.util.Location" value="[560.0, 270.0]">
        </property>
        <configure>
<?plotml <!DOCTYPE plot PUBLIC "-//UC Berkeley//DTD PlotML 1//EN"
"http://ptolemy.eecs.berkeley.edu/xml/dtd/PlotML_1.dtd">
<plot>
<title>TimedPlotter2</title>
<xLabel></xLabel>
<yLabel></yLabel>
<xRange min="0.0" max="29.4021887812"/>
<yRange min="0.0" max="4.0"/>
<default connected="no" marks="bigdots" stems="yes"/>
</plot>?>
        </configure>
    </entity>
    <entity name="Server" class="ptolemy.domains.de.lib.Server">
        <property name="serviceTime" class="ptolemy.actor.parameters.PortParameter" value="1.0">
        </property>
        <property name="_location" class="ptolemy.kernel.util.Location" value="[445.0, 220.0]">
        </property>
    </entity>
    <entity name="ColtExponential" class="ptolemy.actor.lib.colt.ColtExponential">
        <property name="lambda" class="ptolemy.actor.parameters.PortParameter" value="0.5">
        </property>
        <doc>Create a sequence of Exponential random variables</doc>
        <property name="_location" class="ptolemy.kernel.util.Location" value="[365.0, 320.0]">
        </property>
    </entity>
    <relation name="relation" class="ptolemy.actor.TypedIORelation">
    </relation>
    <relation name="relation3" class="ptolemy.actor.TypedIORelation">
    </relation>
    <relation name="relation4" class="ptolemy.actor.TypedIORelation">
    </relation>
    <relation name="relation5" class="ptolemy.actor.TypedIORelation">
    </relation>
    <relation name="relation6" class="ptolemy.actor.TypedIORelation">
        <property name="width" class="ptolemy.data.expr.Parameter" value="-1">
        </property>
        <vertex name="vertex1" value="[320.0, 175.0]">
        </vertex>
    </relation>
    <link port="PoissonClock.output" relation="relation"/>
    <link port="Ramp.output" relation="relation6"/>
    <link port="Ramp.trigger" relation="relation"/>
    <link port="TimedPlotter.input" relation="relation5"/>
    <link port="TimedPlotter.input" relation="relation6"/>
    <link port="TimedPlotter2.input" relation="relation4"/>
    <link port="Server.input" relation="relation6"/>
    <link port="Server.output" relation="relation5"/>
    <link port="Server.serviceTime" relation="relation3"/>
    <link port="Server.size" relation="relation4"/>
    <link port="ColtExponential.output" relation="relation3"/>
    <link port="ColtExponential.trigger" relation="relation6"/>
</entity>
